-- phpMyAdmin SQL Dump
-- version 5.2.0
-- https://www.phpmyadmin.net/
--
-- Host: 127.0.0.1
-- Generation Time: Jul 06, 2022 at 09:06 PM
-- Server version: 10.4.24-MariaDB
-- PHP Version: 8.1.6

SET SQL_MODE = "NO_AUTO_VALUE_ON_ZERO";
START TRANSACTION;
SET time_zone = "+00:00";


/*!40101 SET @OLD_CHARACTER_SET_CLIENT=@@CHARACTER_SET_CLIENT */;
/*!40101 SET @OLD_CHARACTER_SET_RESULTS=@@CHARACTER_SET_RESULTS */;
/*!40101 SET @OLD_COLLATION_CONNECTION=@@COLLATION_CONNECTION */;
/*!40101 SET NAMES utf8mb4 */;

--
-- Database: `ems`
--

-- --------------------------------------------------------

--
-- Table structure for table `booking_details`
--

CREATE TABLE `booking_details` (
  `BookingID` int(10) NOT NULL,
  `BookingTimeStamp` timestamp NOT NULL DEFAULT current_timestamp(),
  `UserID` varchar(10) NOT NULL,
  `EventID` int(10) NOT NULL
) ENGINE=InnoDB DEFAULT CHARSET=latin1;

--
-- Dumping data for table `booking_details`
--

INSERT INTO `booking_details` (`BookingID`, `BookingTimeStamp`, `UserID`, `EventID`) VALUES
(1111, '2022-07-02 04:07:27', '204051', 101),
(2222, '2022-07-02 04:07:27', '206730', 201),
(3333, '2022-07-02 04:07:27', '202754', 301),
(3334, '2022-07-02 06:40:02', '204051', 301),
(3335, '2022-07-02 06:42:43', '202045', 301),
(3336, '2022-07-02 06:42:55', '202045', 101),
(3337, '2022-07-03 20:12:59', '202754', 101),
(3338, '2022-07-03 20:17:31', '202755', 301),
(3339, '2022-07-06 20:40:31', '202202', 301),
(3340, '2022-07-06 20:40:54', '202202', 601),
(3341, '2022-07-06 20:43:09', '212212', 101),
(3342, '2022-07-06 20:43:20', '212212', 601),
(3343, '2022-07-06 21:32:38', '202123', 101),
(3344, '2022-07-06 21:33:29', '202123', 401),
(3345, '2022-07-06 21:33:37', '202123', 201);

-- --------------------------------------------------------

--
-- Table structure for table `event_details`
--

CREATE TABLE `event_details` (
  `EventID` int(10) NOT NULL,
  `EventName` varchar(100) NOT NULL,
  `EventDate` date NOT NULL,
  `EventTime` time NOT NULL,
  `EventCategory` varchar(100) NOT NULL,
  `EventDescription` text NOT NULL,
  `EventTicketPrice` double NOT NULL,
  `EventTicketTotal` int(11) NOT NULL,
  `EventTicketSold` int(11) NOT NULL,
  `VenueID` int(10) NOT NULL,
  `UserID` varchar(10) NOT NULL
) ENGINE=InnoDB DEFAULT CHARSET=latin1;

--
-- Dumping data for table `event_details`
--

INSERT INTO `event_details` (`EventID`, `EventName`, `EventDate`, `EventTime`, `EventCategory`, `EventDescription`, `EventTicketPrice`, `EventTicketTotal`, `EventTicketSold`, `VenueID`, `UserID`) VALUES
(101, 'Samosa Eating Competition', '2022-09-09', '11:00:00', 'Fun Food Event', 'Its a healthy easy going competition to promote Mr. Samosa Singh\'s samosa.', 50, 100, 82, 111, '204051'),
(201, 'Hiking Competition', '2022-07-11', '05:30:28', 'Adventure Activity', 'To grab the attention of public who\'ll be attending the big day, Jayciana, many pre fest events are going to be held, and one such is a hiking activity by a college club Sahas. Here, the group which reaches the peak of the mountain first wins.', 600, 1000, 56, 222, '206730'),
(301, '||SHABD||', '2022-07-19', '10:30:00', 'Cultural and Literary Fest', 'The Editorial Board is responsible for bringing out the annual university magazine-Jayzine and organizing the annual literary fest of JSSSTU-||SHABD||\r\nIt\'s time to unleash your words, creativity and inquisitive minds!!\r\nLooking at the enthusiasm and passion of this year\'s participants, we\'re sure this year\'s fest will be no different.\r\nThe events include: Painting, Creative Writing(English, Hindi and kannada), Debate.  ', 75, 120, 104, 333, '202754'),
(401, 'ENIGMA', '2022-07-11', '05:30:00', 'Annual Fun Event', 'Department of Information Science and Engineering -JSSSTU  \r\nCSI-JSS STU present to you, our annual fun event\r\n\"ENIGMA\" to buzz of this monotony and restore the excitement of the season\r\nE-Energising \r\nN-New\r\nI-Inquisitive\r\nG-Glorious\r\nM-Memorable\r\nA-Astounding\r\nCOME AND TAKE HOME A BAGGAGE OF REWARDS AND MEMORIES ', 100, 100, 81, 333, '202754'),
(501, 'FOSS BYTES', '2022-07-12', '05:30:32', 'Technical Event', 'Linux Campus Club from the department of Computer Science, brings to you FossBytes, our annual event filled with lots of knowledge and fun!!!\r\n\r\nWe have DeCrypto(Connect the dots), Code Blind(Test your coding skills!) and Code Mine(Mine your way out of a field of puzzles).\r\n\r\nFor queries, contact: \r\nSammy: +918763598472', 120, 140, 100, 333, '202045'),
(601, 'EBSB DAY', '2022-07-15', '10:30:00', 'Cultural Event', 'EBSB JSS STU Club Presents,\r\nEBSB DAY!!!\r\nINAUGURATION OF EBSB_JSS_STU_CLUB,\r\nFOLLOWED BY ETHNIC DAY \r\nTime to put on your dancing moves to the rythm of your heart \r\nMusic is the literature of the heart, it commences where speech ends!!!', 150, 180, 102, 333, '204051');

-- --------------------------------------------------------

--
-- Table structure for table `user_details`
--

CREATE TABLE `user_details` (
  `UserNo` int(10) NOT NULL,
  `UserID` varchar(10) NOT NULL,
  `UserFullName` varchar(80) NOT NULL,
  `UserPassword` varchar(12) NOT NULL,
  `UserType` varchar(11) NOT NULL,
  `UserEmail` varchar(50) NOT NULL,
  `UserImage` longblob NOT NULL,
  `UserImageName` varchar(50) NOT NULL
) ENGINE=InnoDB DEFAULT CHARSET=latin1;

--
-- Dumping data for table `user_details`
--

INSERT INTO `user_details` (`UserNo`, `UserID`, `UserFullName`, `UserPassword`, `UserType`, `UserEmail`, `UserImage`, `UserImageName`) VALUES
(1, '204051', 'Shivam Yadav', 'shivam2001', 'student', 'shivam@gmail.com', '', ''),
(2, '206730', 'Sahana Iyer', 'sahana2002', 'student', 'sahana@gmail.com', '', ''),
(3, '203457', 'Samiya Sait', 'sammy13', 'admin', 'sammy@gmail.com', 0x5b76616c75652d375d, ''),
(12, '202045', 'Suyash', 'suyash', 'Student', 'suyash@gmail.com', 0xffd8ffe1001845786966000049492a00080000000000000000000000ffec00114475636b79000100040000003c0000ffe1032b687474703a2f2f6e732e61646f62652e636f6d2f7861702f312e302f003c3f787061636b657420626567696e3d22efbbbf222069643d2257354d304d7043656869487a7265537a4e54637a6b633964223f3e203c783a786d706d65746120786d6c6e733a783d2261646f62653a6e733a6d6574612f2220783a786d70746b3d2241646f626520584d5020436f726520352e332d633031312036362e3134353636312c20323031322f30322f30362d31343a35363a32372020202020202020223e203c7264663a52444620786d6c6e733a7264663d22687474703a2f2f7777772e77332e6f72672f313939392f30322f32322d7264662d73796e7461782d6e7323223e203c7264663a4465736372697074696f6e207264663a61626f75743d222220786d6c6e733a786d704d4d3d22687474703a2f2f6e732e61646f62652e636f6d2f7861702f312e302f6d6d2f2220786d6c6e733a73745265663d22687474703a2f2f6e732e61646f62652e636f6d2f7861702f312e302f73547970652f5265736f75726365526566232220786d6c6e733a786d703d22687474703a2f2f6e732e61646f62652e636f6d2f7861702f312e302f2220786d704d4d3a446f63756d656e7449443d22786d702e6469643a31383037304531464236464331314535423742344432394134303730354235412220786d704d4d3a496e7374616e636549443d22786d702e6969643a31383037304531454236464331314535423742344432394134303730354235412220786d703a43726561746f72546f6f6c3d2241646f62652050686f746f73686f7020435336202857696e646f777329223e203c786d704d4d3a4465726976656446726f6d2073745265663a696e7374616e636549443d22786d702e6969643a3035454535464438423646433131453542344239454243324231464132414232222073745265663a646f63756d656e7449443d22786d702e6469643a3035454535464439423646433131453542344239454243324231464132414232222f3e203c2f7264663a4465736372697074696f6e3e203c2f7264663a5244463e203c2f783a786d706d6574613e203c3f787061636b657420656e643d2272223f3effee000e41646f62650064c000000001ffdb0084000604040405040605050609060506090b080606080b0c0a0a0b0a0a0c100c0c0c0c0c0c100c0e0f100f0e0c1313141413131c1b1b1b1c1f1f1f1f1f1f1f1f1f1f010707070d0c0d181010181a1511151a1f1f1f1f1f1f1f1f1f1f1f1f1f1f1f1f1f1f1f1f1f1f1f1f1f1f1f1f1f1f1f1f1f1f1f1f1f1f1f1f1f1f1f1f1f1f1f1f1fffc0001108019f019f03011100021101031101ffc40085000100020301010100000000000000000000060703040508020101010000000000000000000000000000000010010001030202050805090702070000000001020304110531062141511207617181a12232131491b1426223c1d152728292a2b215e1c2435373241733936383c334542555110100000000000000000000000000000000ffda000c03010002110311003f00f4600000000000000000000000000000000000000000000000000000000000000000000000000000000000000000000000000000000000000000000000000000000000000000000000000000000000000000000000000000000000000000000000000000000000000000000000000000000000000000000000000000000000000000000000000000000000000000000000000000000000000000000000000000000000000000000000000000000000000000000000000000000000000000000000000000000000000000000000000000000000000000000000000000000000000000000000000000000000000000000000000000000000000000000000000000000000000000000000000000000000000000000000000000000000000000000000003065e661e1daf8b977ede3dbfd3bb545113e6d78822db8f8a9ca387334d9bb7336b8eab14cf77f7aad2011dccf1a6fcccc616d94d31d55dfb9333fbb4c69eb0722ff008b7cdb727d8f96b11d5dcb3333fc5548357fe4fe74ff00e653ff006adfe607ec78a1ce71313f3744f926d5bd3d500dbc7f1739aadcc7c4a31af53d7deb75533f4d357e407630bc699d6233b6be8ebaac5cd67f76b88fac125db7c4de51cd98a6acaab12e4fd9c8a6698d7b3bd1ac024d62fd8c8b5176c5da2f5a9e172dd51553f4c6a0c800000000000000000000000000000000000000000000000000000000000395bf733ecbb159f89b8644515cc6b458a7dabd579a88e9056bbef8b9bb6577ad6d56a306ccf445daf4aef4c7f2d3eb0423333b3b3af4deccbf7322ecf1aeed5354fac1ac000000000003776eddf73db6ec5dc0c9b98d5c75dbaa6227cf1c2413bd87c60cbb534dadef1e2fdbe139362229b91e5aa8f767d1a02c8d9f7dda777c7f8fb764d17e8fb54c74574f92aa67a601be000000000000000000000000000000000000000000000000000003e2eddb566d5776ed74dbb56e26aaee553a534c475ccc82b2e6cf162a99af1360e88e98ab3ea8e9ff00caa67f9a415b64645fc8bd5dfc8b955ebd5ceb5dcae66aaa667b664184000000000000000006ce0ee19bb7e4d393857abc7bf47bb72dce93fda0b4b94bc55c7caaa8c3df3bb8f913a53466531a5aaa7efc7d89f2f0f302c489898898989898d6263a62627b00000000000000000000000000000000000000000000000000069ee9bb606d58373373aec58c7b7c6a9e333d54d31d733d80a539c79e772e62bd36a2671f6ca27f0b1627ded3855774e33e4e1008b8000000000000000000000009a724788997b25546167cd591b4cce911c6bb3af5d1db4fddfa0172e1e56365e35bcac6b94dec7bd4c556ee533ac4c4833000000000000000000000000000000000000000000000035773dcb0f6dc1bb9d99722d63d98d6baa7d5111d733d40a239b79b33b98f3fe35e99b7896a663171627d9a23b67b6a9eb90704000000000000000000000000004af91f9df2397b2fe15e9aaeed37a7f1acebaf727fcca23b7b63ac177e3e458cab16f231eb8bb62ed315dbb94ceb15533c2601940000000000000000000000000000000000000000001f95554d14cd75cc534531335553d11111d33320a3bc40e72b9bfee1f031ea98dab16a98b14ff995709bb57f77c80890000000000000000000000000000009ef867ce93b6e553b4675cffebf22afc0aea9e8b3767fbb57d60b8800000000000000000000000000000000000000000015d78b1cd738d8f1b16257a5fc8a62bcdaa27ddb53c28fdbebf202a5000000000000000000000000000000001767867cd73bbed5f23955f7b70c188a66678dcb5c29abcf1c24133000000000000000000000000000000000000000069eedba63ed5b6e4ee191ff004b1a89ae63ae678534c79e7a01e76dc73f2771cfbf9d93577afe457372b9ecd784479223a201aa000000000000000000000000000000003a9cb7bd5ed9379c6dc2d6ba5aab4bd447dab5574574fd1eb07a1ec5fb59162ddfb3545766ed315dbae384d3546b120c8000000000000000000000000000000000000002b3f18b7d9a68c5d92d55d357fb8ca88ece16e99f5c82ac000000000000000000000000000000000001727849bece66c7736dbb56b7b6fabf0f5e3366e4eb1fbb56b009d80000000000000000000000000000000000001ac474cce911d333e4079df9ab75ab75e62cece99d68b97a69b5e4b747b34e9e88d41c800000000000000000000000000000000000129f0df76fe9dcdb8bde9d2ce5eb8d77b3dbf767f7b405ec0000000000000000000000000000000000000e3f386e33b772cee3974ce95d166aa6dcf6575fb14faea079e22348d3b0000000000000000000000000000000000000192ddcb96ae5176dce972dd515d13d95533ac4fd20f496dd99466edf8d9b47bb916a8bb1fb74c483640000000000000000000000000000000000041bc5dcb9b5cb16ec44f4e4e4514cc7dda226a9f5c402990000000000000000000000000000000000000017cf86d99395c9db7ccceb559efd9abf62b9d3f86601260000000000000000000000000000000000015978d57a7e16d3663aeabd5cfd144402ad00000000000000000000000000000000000000172783d7a6be5bc8b533afc2caaa63cd5514fe604ec00000000000000000000000000000000000555e34ff00eef6bff4ee7f3402b50000000000000000000000000000000000000016df8315cced3b8d3d54dfa263d344fe60588000000000000000000000000000000000002adf1aadcfc6da6e754d3769fa2699fca0ac8000000000000000000000000000000000000005bfe0ddbd361ceaf4f7f22235edeed1fda0b0000000000000000000000000000000000000579e3363cd5b4edf91a745abf5d133fea51aff00e982a300000000000000000000000000000000000000176f84f8ff000b9468af4ffaf7eedc89f246947f7013200000000000000000000000000000000000115f1330be6b93f2e6235ab1e68bf4fec55a553fbb320a28000000000000000000000000000000000000007a1f9430a7079636dc698d2aa6c535571d9557edd5eba81d800000000000000000000000000000000000183370ede6615fc4b91adbc8b755aaa3c95c4c03cdb918f771b22ee35d8d2ed8aeab75f9e89d27ea061000000000000000000000000000000000001d1e5fdb6adcf7bc2c088d6322f534d71f72275aff0086241e8e888a62298e11d11e680000000000000000000000000000000000000014a78a9b34edfccd565d14e96371a62f44f57c48f66b8fca085800000000000000000000000000000000000b17c1dd9a6eee395bb5da7f0f168f81667ff12e7bdf45300b680000000000000000000000000000000000000045bc46d82778e5bbb36a9ef65e0ccdfb111c6748f6e98f3d3eb8805120000000000000000000000000000000000fba28aee574dba299aabae629a298e33333a44403d0bca5b153b1ec18d83a47c788f89955475deafa6afa387a01d70000000000000000000000000000000000000000519e22f2c4ec9bf5772cd3a6066ccddc69eaa6a99f6edfa2787901130000000000000000000000000000000013df0ab962770dd6777c8a35c3c19fc1d78577fabf723a4171000000000000000000000000000000000000000000e473472f62effb3ddc0bda535cfb78f77f42e47bb3e6ea905019d8595839b7b0f2a89b79162a9a2e513d531f927a81ac000000000000000000000000000003a3b16cb9bbcee9676fc4a75b9767daafaa8a23deaeaf2403d03b3ed589b56db636fc5a74b3629d227aea9fb5555e5aa41ba0000000000000000000000000000000000000000000867889c8f1bde27cf615311bb63d3a4531d1f1a88fb13f7a3ecfd00a5aaa6aa6a9a6a89a6aa6662aa67a262638c4c03e00000000000000000000000000066c6c6c8cac8b78f8f6eabb7eed514dbb74c6b354cf5402f4e47e4fb1cbbb7e95e97371c8889cabd1d311d96e99fd1a7d60928000000000000000000000000000000000000000000000207e2078794eeb15ee9b551146e511adeb11d117e23ae3effd60a82e5bb96ee556ee53345ca2669ae8aa349898e313120c60000000000000000000000033e1e264e664dbc6c5b555ec8bb3ddb76e88d66664175722f21d8d82cc6564e97f75bb4e95d71d34da89e3451f96412e00000000000000000000000000000000000000000000000004539cbc3fc0dfe9ab26ccc62ee911ecdfd3d9b9a755c88fe6e20a6b76d9f72da336ac4dc2c5566f47bbaf4d35476d3570aa01a0000000000000000000003abcbfcb7baefb97f2f816bbd113f8b7eae8b76e3b6aabf27105d1ca7c97b572f58d6d47c7ceae34bd975c7b53f7688fb3482440000000000000000000000000000000000000000000000000000d2dd766db776c49c5dc2c537eccf0ef7bd4cf6d35474d33e6055bcc9e136e58935dfd96a9cec78e9f97ab48bd4c793aabfac104bd66ed9bb55abd4556aed3d155bae269aa3d120c400000000000000363130f2f32fd38f8966bc8bf574536edd33555f4402c2e5af08efdc9a3237fb9f0a8e3f276a75ae7f5eb8e88f3402cdc1dbf0b6fc6a3170acd18f8f47bb6edc691e7f2c83600000000000000000000000000000000000000000000000000000000073b78e5ed9b78b7dcdc7128bf3c29b931a5ca7cd5c748209bbf8376e666bda33668ecb1931ac7a2ba7a7e989043f71f0ff9bb02666eedf5deb71fe258d2ed3a76fb3d31e980706ed9bd66a9a6edbaadd51d1315d334fd60c5ac4f00000266238c83358c6c9c8ae28b166bbb555c228a66ad7e8048b6ef0e39bb3a62630a71adcff8993316f4fd99d6bf50263b3f839836e69b9bb65d5913d762c7e1d1e69aa7da9f50273b5ecfb56d567e0edf8b6f1adf09ee46933fad571906e800000000000000000000000000000000000000000000000000e666732ec387956f132771b36b26e5514d36a6a8d6267877b4f77d20e9800000000000c57f1f1f2234c8b36ef4765ca29aff009a241ccbfc9fcab7e75bdb56355fb1ddfe59806aff00c7bc95ff00e5dafa6afce04787bc951313fd2ad4e9d53354c7d60dcc7e53e57c5989b1b5e35131c3d88abf9b50752cdab3669eed9b745aa7f46dd31447d14c403e80000000001f95d74514555d754534531ad554ce91111d7320c1879d859b662f615fb7916a7eddaaa2b8f503600000000000000000000000000000000000000047f9979e363d8699a322e7c6ccd35a712d6935f93bd3c288f382ade61f12798b769aad5ab9f21873d1166c4cc5531f7ae7bd3e8044e7a66667a667a664135e4ff12b70d9e28c3dc3bd99b6c7453333addb51f7667de8fbb20b776bddb6eddb1632b02fd37eccf19a78d33d95471a67ce0dc000000000000000000000000001cddf398769d8f1be6370bf16e275f876a3a6e5731d54d3d60a779bfc40dd7982aab1e8d7136c89f671a99e9afcb76aebf370047b6fdcf70dbefc5fc1c8b98d7a3eddbaa635f3c709f482c3e5cf17ae533463eff67bf4f0f9db31a551e5aedf5fa0164edfb960ee18d4e4e15fa322c55c2ba2758f34f64f9241b200000000000000000000000000000000315fbf631ecd77efdca6d59b71355cb95ce94d311d73320ab39bfc55bf7e6bc2d8266cd8f76bce98d2e55fe9c4fbb1e5e20aeebaebb954d75d5355754eb55554ccccccf5ccc83e00001bdb5ef1b96d395193b7e4578f7e38cd33ecd51d9553c2a8f382cfe59f173032bb98fbedbf94bf3d1f35444cd9aa7ef47bd47ac13ec7c8c7c8b54dec7b94dfb15f4d372dd515533e698064000000000000000000001af9d9d858162ac8ccbf463d8a78dcb9314c7f682bbe65f176dd31563ec36bbf5709cdbd1a531fa9475f9e415ae6e76667e4d793997abc8c8afdeb972759f37923c900d6000074765dff0076d9b2a3276ebf55aafedd1c68ae23aaba78482e2e50f1036ddfe29c7bba626e7a74e3ccfb35f6cdbaa78f9b882580000000000000000000000000000034f75ddf036ac2b99b9d762d58b7d73c6a9eaa698eb990523cdfcefb87315f9a275c7dba89d6ce244f1ecaae69ef55f502340000000000e8ed3bf6f1b45df89b765578f333ad5444eb455fad44eb4c827fb2f8cb31ddb7bce1ebdb978df5cdbabf24826fb5737f2d6eb11f279f6eab93fe0d73f0ee79bbb569afa01d8000000000000027a2359e11c641c2ddb9e395f6b898c8cfa2bbb1fe0d8fc6aff87a23d32082ef5e3166dd8aad6cd894e3d33d11917fdbafd1447b31e9040f71dd772dcaff00c7cfc9b99377aa6b9d623f563847a01a6000000003ee9aaaa2a8ae8aa69ae99d69aa99d2626384c4c02d4e43f12e3226ded5bf5c88bf3a518b9d5744573c229b9d957de05900000000000000000000000000034b77ddb0769c0bb9f9d73e1e3da8e9fd2aa7aa9a63ae64145735f35e7f3167cdfbff00878d6e6631b1a27d9a29ed9edaa7ae41c2000000000000000075b6de69e63dba2230f70bd6a8a785b9abbf447ec57dea7d409260f8bdccd6748c8b38f954c76d336ea9f4d3331ea076b1bc69c79d3e6b6aae27afe0dc89fe6880746d78c1cb3547e259c9b53d9dc8abea9067ff0096b937fccc9ffb13f9c0ff0096b937f4f27fec4fe706bdef18b96a88fc2c7c9bb3d9dda68fae41cdcaf1aa8d27e536a999eaf8f7623f92241c3cdf16b9aafc4c588b1894cf09a28efd51e9ae663d408dee1cc3be6e3ac6767debf4cf1a2aae628fdc8d29f5039a0000000000000000b3bc3af10262ab7b36f17b5a674a70b2eb9e989eab55d53fc320b440000000000000000000000063cac9c7c5c7b99391722d58b14cd776e55d1114c7190511cebcdf91cc7b877a35b7b7d8998c4b13d9fa757deabd408d800000000000000000000000000000000000000000000000000b77c35e789cea29d9773b9ae6db8d312f553d37688fb1333f6e3d700b0800000000000000000000014ff89fce539f9556cd8573fd8e3d5fee6ba67a2edda7abf568fac100000000000000000000000000000000000000000000000000000064b576ed9bb45eb35cdbbb6ea8aadd74ce934d51d31300bdb9179b6df316d5155c98a771c6d28cbb71d73d57298ecabeb049400000000000000000010ef1279b3fa26d5f2b8b5e9b8e744d36e638dbb7c2ab9e7ea805220000000000000000000000000000000000000000000000000000000eaf2d6fd95b16ed673ec6b34d33ddbf6baabb73ef533f93ca0f4160e6e36760d9ccc5afe263e45115dbaa3b27b7cb1d60d8000000000000000060cdcdc7c2c4bd99935772c58a26e5caa7aa201e7ae62deb237bddefee17fa26ece96a8fd0b71ee531e68073000000000000000000000000000000000000000000000000000000000593e12f347c1bf56c1935fe15e99b98533d5738d747ed71805ac0000000000000000acbc5ee639a69b3b063d7ef697f374ecff0e89fac156800000000000000000000000000000000000000000000000000000000032d8bf7b1efdbbf66a9a2fdaaa2bb75c718aa99d6241e85e58df6d6f9b1e36e346915dc8eedfa23ecdda7a2b8fa7a41d500000000000006b6e59f636fc0c8cdbf3a59c7b755cafcbdd8e11e59e100f3aee9b8e46e5b8e467e44eb7b26b9aeaf26bc298f24474034c000000000000000000000000000000000000000000000000000000000004fbc25e619c3ddae6d37aaff006f9fd36b5e14dea23fbd4f402e10000000000000571e306fbf070b1b66b557b7933f1b274ff2e89f623d3574fa015380000000000000000000000000000000000000000000000000000000000003363dfbb8f7eddfb354d176c554d76ea8e315533ac4fd20f456c5badadd768c4dc6de9a645b8aaaa63ecd7c2ba7d15037c0000000000e88e99e11c41e79e6ede2778e61cccd8ab5b535fc3c7ff4adfb34e9e7e20e3000000000000000000000000000000000000000000000000000000000000000b53c1bdebbd673366b9574db9f99c589ecaba2b88f4e920b2c00000000011fe7cdde76ce56cdbf4d5ddbf769f97b33c27bf7ba3a3cd4eb20a000000000000000000000000000000000000000000000000000000000000000001dae4eddff00a573360e6cd5ddb51722ddfecf8773d9ab5f36bafa01e85000000000055be336e9adcdbb6aa67a298ab22ec7967d9a227e8990564000000000000000000000000000000000000000000000000000000000000000003d0fca1ba7f53e59dbf2e67bd72ab5145d9ebefdbf62ad7cfa6a0ec000000000a0b9ff0071fea1cddb85c89d6ddaae2c5bfd5b51a7d7a823a000000000000000000000000000000000000000000000000000000000000000002dcf06f70f89b466e0553d38d7a2ed11f76ec693eba416180000003164dfa31f1eedfae74a6d5155754f64531a83cd57efd77efdcbf5fbf7abaae55e7ae66a9fac188000000000000000000000000000000000000000000000000000000000000000004e3c22cdf81ccf5e3cce94e5e3d54f9eaa262aa7f282e7000000071b9cae5eb7cadba55669aaabbf2f5d311444ccfb51dd99e8ec8e9079e4000000000000000000000000000000000000000000000000000000000000000000120e43bb76d737ed75daa6aaff001b4aa9a62667bb55334cce91d51c417f80003fffd9, ''),
(13, '202755', 'Sonia', 'sonia', 'Student', 'sonia@gmail.com', 0xffd8ffe1001845786966000049492a00080000000000000000000000ffec00114475636b79000100040000003c0000ffe1032b687474703a2f2f6e732e61646f62652e636f6d2f7861702f312e302f003c3f787061636b657420626567696e3d22efbbbf222069643d2257354d304d7043656869487a7265537a4e54637a6b633964223f3e203c783a786d706d65746120786d6c6e733a783d2261646f62653a6e733a6d6574612f2220783a786d70746b3d2241646f626520584d5020436f726520352e332d633031312036362e3134353636312c20323031322f30322f30362d31343a35363a32372020202020202020223e203c7264663a52444620786d6c6e733a7264663d22687474703a2f2f7777772e77332e6f72672f313939392f30322f32322d7264662d73796e7461782d6e7323223e203c7264663a4465736372697074696f6e207264663a61626f75743d222220786d6c6e733a786d704d4d3d22687474703a2f2f6e732e61646f62652e636f6d2f7861702f312e302f6d6d2f2220786d6c6e733a73745265663d22687474703a2f2f6e732e61646f62652e636f6d2f7861702f312e302f73547970652f5265736f75726365526566232220786d6c6e733a786d703d22687474703a2f2f6e732e61646f62652e636f6d2f7861702f312e302f2220786d704d4d3a446f63756d656e7449443d22786d702e6469643a31383037304531464236464331314535423742344432394134303730354235412220786d704d4d3a496e7374616e636549443d22786d702e6969643a31383037304531454236464331314535423742344432394134303730354235412220786d703a43726561746f72546f6f6c3d2241646f62652050686f746f73686f7020435336202857696e646f777329223e203c786d704d4d3a4465726976656446726f6d2073745265663a696e7374616e636549443d22786d702e6969643a3035454535464438423646433131453542344239454243324231464132414232222073745265663a646f63756d656e7449443d22786d702e6469643a3035454535464439423646433131453542344239454243324231464132414232222f3e203c2f7264663a4465736372697074696f6e3e203c2f7264663a5244463e203c2f783a786d706d6574613e203c3f787061636b657420656e643d2272223f3effee000e41646f62650064c000000001ffdb0084000604040405040605050609060506090b080606080b0c0a0a0b0a0a0c100c0c0c0c0c0c100c0e0f100f0e0c1313141413131c1b1b1b1c1f1f1f1f1f1f1f1f1f1f010707070d0c0d181010181a1511151a1f1f1f1f1f1f1f1f1f1f1f1f1f1f1f1f1f1f1f1f1f1f1f1f1f1f1f1f1f1f1f1f1f1f1f1f1f1f1f1f1f1f1f1f1f1f1f1f1fffc0001108019f019f03011100021101031101ffc40085000100020301010100000000000000000000060703040508020101010000000000000000000000000000000010010001030202050805090702070000000001020304110531062141511207617181a12232131491b1426223c1d152728292a2b215e1c2435373241733936383c334542555110100000000000000000000000000000000ffda000c03010002110311003f00f4600000000000000000000000000000000000000000000000000000000000000000000000000000000000000000000000000000000000000000000000000000000000000000000000000000000000000000000000000000000000000000000000000000000000000000000000000000000000000000000000000000000000000000000000000000000000000000000000000000000000000000000000000000000000000000000000000000000000000000000000000000000000000000000000000000000000000000000000000000000000000000000000000000000000000000000000000000000000000000000000000000000000000000000000000000000000000000000000000000000000000000000000000000000000000000000000003065e661e1daf8b977ede3dbfd3bb545113e6d78822db8f8a9ca387334d9bb7336b8eab14cf77f7aad2011dccf1a6fcccc616d94d31d55dfb9333fbb4c69eb0722ff008b7cdb727d8f96b11d5dcb3333fc5548357fe4fe74ff00e653ff006adfe607ec78a1ce71313f3744f926d5bd3d500dbc7f1739aadcc7c4a31af53d7deb75533f4d357e407630bc699d6233b6be8ebaac5cd67f76b88fac125db7c4de51cd98a6acaab12e4fd9c8a6698d7b3bd1ac024d62fd8c8b5176c5da2f5a9e172dd51553f4c6a0c800000000000000000000000000000000000000000000000000000000000395bf733ecbb159f89b8644515cc6b458a7dabd579a88e9056bbef8b9bb6577ad6d56a306ccf445daf4aef4c7f2d3eb0423333b3b3af4deccbf7322ecf1aeed5354fac1ac000000000003776eddf73db6ec5dc0c9b98d5c75dbaa6227cf1c2413bd87c60cbb534dadef1e2fdbe139362229b91e5aa8f767d1a02c8d9f7dda777c7f8fb764d17e8fb54c74574f92aa67a601be000000000000000000000000000000000000000000000000000003e2eddb566d5776ed74dbb56e26aaee553a534c475ccc82b2e6cf162a99af1360e88e98ab3ea8e9ff00caa67f9a415b64645fc8bd5dfc8b955ebd5ceb5dcae66aaa667b664184000000000000000006ce0ee19bb7e4d393857abc7bf47bb72dce93fda0b4b94bc55c7caaa8c3df3bb8f913a53466531a5aaa7efc7d89f2f0f302c489898898989898d6263a62627b00000000000000000000000000000000000000000000000000069ee9bb606d58373373aec58c7b7c6a9e333d54d31d733d80a539c79e772e62bd36a2671f6ca27f0b1627ded3855774e33e4e1008b8000000000000000000000009a724788997b25546167cd591b4cce911c6bb3af5d1db4fddfa0172e1e56365e35bcac6b94dec7bd4c556ee533ac4c4833000000000000000000000000000000000000000000000035773dcb0f6dc1bb9d99722d63d98d6baa7d5111d733d40a239b79b33b98f3fe35e99b7896a663171627d9a23b67b6a9eb90704000000000000000000000000004af91f9df2397b2fe15e9aaeed37a7f1acebaf727fcca23b7b63ac177e3e458cab16f231eb8bb62ed315dbb94ceb15533c2601940000000000000000000000000000000000000000001f95554d14cd75cc534531335553d11111d33320a3bc40e72b9bfee1f031ea98dab16a98b14ff995709bb57f77c80890000000000000000000000000000009ef867ce93b6e553b4675cffebf22afc0aea9e8b3767fbb57d60b8800000000000000000000000000000000000000000015d78b1cd738d8f1b16257a5fc8a62bcdaa27ddb53c28fdbebf202a5000000000000000000000000000000001767867cd73bbed5f23955f7b70c188a66678dcb5c29abcf1c24133000000000000000000000000000000000000000069eedba63ed5b6e4ee191ff004b1a89ae63ae678534c79e7a01e76dc73f2771cfbf9d93577afe457372b9ecd784479223a201aa000000000000000000000000000000003a9cb7bd5ed9379c6dc2d6ba5aab4bd447dab5574574fd1eb07a1ec5fb59162ddfb3545766ed315dbae384d3546b120c8000000000000000000000000000000000000002b3f18b7d9a68c5d92d55d357fb8ca88ece16e99f5c82ac000000000000000000000000000000000001727849bece66c7736dbb56b7b6fabf0f5e3366e4eb1fbb56b009d80000000000000000000000000000000000001ac474cce911d333e4079df9ab75ab75e62cece99d68b97a69b5e4b747b34e9e88d41c800000000000000000000000000000000000129f0df76fe9dcdb8bde9d2ce5eb8d77b3dbf767f7b405ec0000000000000000000000000000000000000e3f386e33b772cee3974ce95d166aa6dcf6575fb14faea079e22348d3b0000000000000000000000000000000000000192ddcb96ae5176dce972dd515d13d95533ac4fd20f496dd99466edf8d9b47bb916a8bb1fb74c483640000000000000000000000000000000000041bc5dcb9b5cb16ec44f4e4e4514cc7dda226a9f5c402990000000000000000000000000000000000000017cf86d99395c9db7ccceb559efd9abf62b9d3f86601260000000000000000000000000000000000015978d57a7e16d3663aeabd5cfd144402ad00000000000000000000000000000000000000172783d7a6be5bc8b533afc2caaa63cd5514fe604ec00000000000000000000000000000000000555e34ff00eef6bff4ee7f3402b50000000000000000000000000000000000000016df8315cced3b8d3d54dfa263d344fe60588000000000000000000000000000000000002adf1aadcfc6da6e754d3769fa2699fca0ac8000000000000000000000000000000000000005bfe0ddbd361ceaf4f7f22235edeed1fda0b0000000000000000000000000000000000000579e3363cd5b4edf91a745abf5d133fea51aff00e982a300000000000000000000000000000000000000176f84f8ff000b9468af4ffaf7eedc89f246947f7013200000000000000000000000000000000000115f1330be6b93f2e6235ab1e68bf4fec55a553fbb320a28000000000000000000000000000000000000007a1f9430a7079636dc698d2aa6c535571d9557edd5eba81d800000000000000000000000000000000000183370ede6615fc4b91adbc8b755aaa3c95c4c03cdb918f771b22ee35d8d2ed8aeab75f9e89d27ea061000000000000000000000000000000000001d1e5fdb6adcf7bc2c088d6322f534d71f72275aff0086241e8e888a62298e11d11e680000000000000000000000000000000000000014a78a9b34edfccd565d14e96371a62f44f57c48f66b8fca085800000000000000000000000000000000000b17c1dd9a6eee395bb5da7f0f168f81667ff12e7bdf45300b680000000000000000000000000000000000000045bc46d82778e5bbb36a9ef65e0ccdfb111c6748f6e98f3d3eb8805120000000000000000000000000000000000fba28aee574dba299aabae629a298e33333a44403d0bca5b153b1ec18d83a47c788f89955475deafa6afa387a01d70000000000000000000000000000000000000000519e22f2c4ec9bf5772cd3a6066ccddc69eaa6a99f6edfa2787901130000000000000000000000000000000013df0ab962770dd6777c8a35c3c19fc1d78577fabf723a4171000000000000000000000000000000000000000000e473472f62effb3ddc0bda535cfb78f77f42e47bb3e6ea905019d8595839b7b0f2a89b79162a9a2e513d531f927a81ac000000000000000000000000000003a3b16cb9bbcee9676fc4a75b9767daafaa8a23deaeaf2403d03b3ed589b56db636fc5a74b3629d227aea9fb5555e5aa41ba0000000000000000000000000000000000000000000867889c8f1bde27cf615311bb63d3a4531d1f1a88fb13f7a3ecfd00a5aaa6aa6a9a6a89a6aa6662aa67a262638c4c03e00000000000000000000000000066c6c6c8cac8b78f8f6eabb7eed514dbb74c6b354cf5402f4e47e4fb1cbbb7e95e97371c8889cabd1d311d96e99fd1a7d60928000000000000000000000000000000000000000000000207e2078794eeb15ee9b551146e511adeb11d117e23ae3effd60a82e5bb96ee556ee53345ca2669ae8aa349898e313120c60000000000000000000000033e1e264e664dbc6c5b555ec8bb3ddb76e88d66664175722f21d8d82cc6564e97f75bb4e95d71d34da89e3451f96412e00000000000000000000000000000000000000000000000004539cbc3fc0dfe9ab26ccc62ee911ecdfd3d9b9a755c88fe6e20a6b76d9f72da336ac4dc2c5566f47bbaf4d35476d3570aa01a0000000000000000000003abcbfcb7baefb97f2f816bbd113f8b7eae8b76e3b6aabf27105d1ca7c97b572f58d6d47c7ceae34bd975c7b53f7688fb3482440000000000000000000000000000000000000000000000000000d2dd766db776c49c5dc2c537eccf0ef7bd4cf6d35474d33e6055bcc9e136e58935dfd96a9cec78e9f97ab48bd4c793aabfac104bd66ed9bb55abd4556aed3d155bae269aa3d120c400000000000000363130f2f32fd38f8966bc8bf574536edd33555f4402c2e5af08efdc9a3237fb9f0a8e3f276a75ae7f5eb8e88f3402cdc1dbf0b6fc6a3170acd18f8f47bb6edc691e7f2c83600000000000000000000000000000000000000000000000000000000073b78e5ed9b78b7dcdc7128bf3c29b931a5ca7cd5c748209bbf8376e666bda33668ecb1931ac7a2ba7a7e989043f71f0ff9bb02666eedf5deb71fe258d2ed3a76fb3d31e980706ed9bd66a9a6edbaadd51d1315d334fd60c5ac4f00000266238c83358c6c9c8ae28b166bbb555c228a66ad7e8048b6ef0e39bb3a62630a71adcff8993316f4fd99d6bf50263b3f839836e69b9bb65d5913d762c7e1d1e69aa7da9f50273b5ecfb56d567e0edf8b6f1adf09ee46933fad571906e800000000000000000000000000000000000000000000000000e666732ec387956f132771b36b26e5514d36a6a8d6267877b4f77d20e9800000000000c57f1f1f2234c8b36ef4765ca29aff009a241ccbfc9fcab7e75bdb56355fb1ddfe59806aff00c7bc95ff00e5dafa6afce04787bc951313fd2ad4e9d53354c7d60dcc7e53e57c5989b1b5e35131c3d88abf9b50752cdab3669eed9b745aa7f46dd31447d14c403e80000000001f95d74514555d754534531ad554ce91111d7320c1879d859b662f615fb7916a7eddaaa2b8f503600000000000000000000000000000000000000047f9979e363d8699a322e7c6ccd35a712d6935f93bd3c288f382ade61f12798b769aad5ab9f21873d1166c4cc5531f7ae7bd3e8044e7a66667a667a664135e4ff12b70d9e28c3dc3bd99b6c7453333addb51f7667de8fbb20b776bddb6eddb1632b02fd37eccf19a78d33d95471a67ce0dc000000000000000000000000001cddf398769d8f1be6370bf16e275f876a3a6e5731d54d3d60a779bfc40dd7982aab1e8d7136c89f671a99e9afcb76aebf370047b6fdcf70dbefc5fc1c8b98d7a3eddbaa635f3c709f482c3e5cf17ae533463eff67bf4f0f9db31a551e5aedf5fa0164edfb960ee18d4e4e15fa322c55c2ba2758f34f64f9241b200000000000000000000000000000000315fbf631ecd77efdca6d59b71355cb95ce94d311d73320ab39bfc55bf7e6bc2d8266cd8f76bce98d2e55fe9c4fbb1e5e20aeebaebb954d75d5355754eb55554ccccccf5ccc83e00001bdb5ef1b96d395193b7e4578f7e38cd33ecd51d9553c2a8f382cfe59f173032bb98fbedbf94bf3d1f35444cd9aa7ef47bd47ac13ec7c8c7c8b54dec7b94dfb15f4d372dd515533e698064000000000000000000001af9d9d858162ac8ccbf463d8a78dcb9314c7f682bbe65f176dd31563ec36bbf5709cdbd1a531fa9475f9e415ae6e76667e4d793997abc8c8afdeb972759f37923c900d6000074765dff0076d9b2a3276ebf55aafedd1c68ae23aaba78482e2e50f1036ddfe29c7bba626e7a74e3ccfb35f6cdbaa78f9b882580000000000000000000000000000034f75ddf036ac2b99b9d762d58b7d73c6a9eaa698eb990523cdfcefb87315f9a275c7dba89d6ce244f1ecaae69ef55f502340000000000e8ed3bf6f1b45df89b765578f333ad5444eb455fad44eb4c827fb2f8cb31ddb7bce1ebdb978df5cdbabf24826fb5737f2d6eb11f279f6eab93fe0d73f0ee79bbb569afa01d8000000000000027a2359e11c641c2ddb9e395f6b898c8cfa2bbb1fe0d8fc6aff87a23d32082ef5e3166dd8aad6cd894e3d33d11917fdbafd1447b31e9040f71dd772dcaff00c7cfc9b99377aa6b9d623f563847a01a6000000003ee9aaaa2a8ae8aa69ae99d69aa99d2626384c4c02d4e43f12e3226ded5bf5c88bf3a518b9d5744573c229b9d957de05900000000000000000000000000034b77ddb0769c0bb9f9d73e1e3da8e9fd2aa7aa9a63ae64145735f35e7f3167cdfbff00878d6e6631b1a27d9a29ed9edaa7ae41c2000000000000000075b6de69e63dba2230f70bd6a8a785b9abbf447ec57dea7d409260f8bdccd6748c8b38f954c76d336ea9f4d3331ea076b1bc69c79d3e6b6aae27afe0dc89fe6880746d78c1cb3547e259c9b53d9dc8abea9067ff0096b937fccc9ffb13f9c0ff0096b937f4f27fec4fe706bdef18b96a88fc2c7c9bb3d9dda68fae41cdcaf1aa8d27e536a999eaf8f7623f92241c3cdf16b9aafc4c588b1894cf09a28efd51e9ae663d408dee1cc3be6e3ac6767debf4cf1a2aae628fdc8d29f5039a0000000000000000b3bc3af10262ab7b36f17b5a674a70b2eb9e989eab55d53fc320b440000000000000000000000063cac9c7c5c7b99391722d58b14cd776e55d1114c7190511cebcdf91cc7b877a35b7b7d8998c4b13d9fa757deabd408d800000000000000000000000000000000000000000000000000b77c35e789cea29d9773b9ae6db8d312f553d37688fb1333f6e3d700b0800000000000000000000014ff89fce539f9556cd8573fd8e3d5fee6ba67a2edda7abf568fac100000000000000000000000000000000000000000000000000000064b576ed9bb45eb35cdbbb6ea8aadd74ce934d51d31300bdb9179b6df316d5155c98a771c6d28cbb71d73d57298ecabeb049400000000000000000010ef1279b3fa26d5f2b8b5e9b8e744d36e638dbb7c2ab9e7ea805220000000000000000000000000000000000000000000000000000000eaf2d6fd95b16ed673ec6b34d33ddbf6baabb73ef533f93ca0f4160e6e36760d9ccc5afe263e45115dbaa3b27b7cb1d60d8000000000000000060cdcdc7c2c4bd99935772c58a26e5caa7aa201e7ae62deb237bddefee17fa26ece96a8fd0b71ee531e68073000000000000000000000000000000000000000000000000000000000593e12f347c1bf56c1935fe15e99b98533d5738d747ed71805ac0000000000000000acbc5ee639a69b3b063d7ef697f374ecff0e89fac156800000000000000000000000000000000000000000000000000000000032d8bf7b1efdbbf66a9a2fdaaa2bb75c718aa99d6241e85e58df6d6f9b1e36e346915dc8eedfa23ecdda7a2b8fa7a41d500000000000006b6e59f636fc0c8cdbf3a59c7b755cafcbdd8e11e59e100f3aee9b8e46e5b8e467e44eb7b26b9aeaf26bc298f24474034c000000000000000000000000000000000000000000000000000000000004fbc25e619c3ddae6d37aaff006f9fd36b5e14dea23fbd4f402e10000000000000571e306fbf070b1b66b557b7933f1b274ff2e89f623d3574fa015380000000000000000000000000000000000000000000000000000000000003363dfbb8f7eddfb354d176c554d76ea8e315533ac4fd20f456c5badadd768c4dc6de9a645b8aaaa63ecd7c2ba7d15037c0000000000e88e99e11c41e79e6ede2778e61cccd8ab5b535fc3c7ff4adfb34e9e7e20e3000000000000000000000000000000000000000000000000000000000000000b53c1bdebbd673366b9574db9f99c589ecaba2b88f4e920b2c00000000011fe7cdde76ce56cdbf4d5ddbf769f97b33c27bf7ba3a3cd4eb20a000000000000000000000000000000000000000000000000000000000000000001dae4eddff00a573360e6cd5ddb51722ddfecf8773d9ab5f36bafa01e85000000000055be336e9adcdbb6aa67a298ab22ec7967d9a227e8990564000000000000000000000000000000000000000000000000000000000000000003d0fca1ba7f53e59dbf2e67bd72ab5145d9ebefdbf62ad7cfa6a0ec000000000a0b9ff0071fea1cddb85c89d6ddaae2c5bfd5b51a7d7a823a000000000000000000000000000000000000000000000000000000000000000002dcf06f70f89b466e0553d38d7a2ed11f76ec693eba416180000003164dfa31f1eedfae74a6d5155754f64531a83cd57efd77efdcbf5fbf7abaae55e7ae66a9fac188000000000000000000000000000000000000000000000000000000000000000004e3c22cdf81ccf5e3cce94e5e3d54f9eaa262aa7f282e7000000071b9cae5eb7cadba55669aaabbf2f5d311444ccfb51dd99e8ec8e9079e4000000000000000000000000000000000000000000000000000000000000000000120e43bb76d737ed75daa6aaff001b4aa9a62667bb55334cce91d51c417f80003fffd9, ''),
(14, '202202', 'shyla', 'shyla', 'Student', 'shyla@gmail.com', 0xffd8ffe1001845786966000049492a00080000000000000000000000ffec00114475636b79000100040000003c0000ffe1032b687474703a2f2f6e732e61646f62652e636f6d2f7861702f312e302f003c3f787061636b657420626567696e3d22efbbbf222069643d2257354d304d7043656869487a7265537a4e54637a6b633964223f3e203c783a786d706d65746120786d6c6e733a783d2261646f62653a6e733a6d6574612f2220783a786d70746b3d2241646f626520584d5020436f726520352e332d633031312036362e3134353636312c20323031322f30322f30362d31343a35363a32372020202020202020223e203c7264663a52444620786d6c6e733a7264663d22687474703a2f2f7777772e77332e6f72672f313939392f30322f32322d7264662d73796e7461782d6e7323223e203c7264663a4465736372697074696f6e207264663a61626f75743d222220786d6c6e733a786d704d4d3d22687474703a2f2f6e732e61646f62652e636f6d2f7861702f312e302f6d6d2f2220786d6c6e733a73745265663d22687474703a2f2f6e732e61646f62652e636f6d2f7861702f312e302f73547970652f5265736f75726365526566232220786d6c6e733a786d703d22687474703a2f2f6e732e61646f62652e636f6d2f7861702f312e302f2220786d704d4d3a446f63756d656e7449443d22786d702e6469643a31383037304531464236464331314535423742344432394134303730354235412220786d704d4d3a496e7374616e636549443d22786d702e6969643a31383037304531454236464331314535423742344432394134303730354235412220786d703a43726561746f72546f6f6c3d2241646f62652050686f746f73686f7020435336202857696e646f777329223e203c786d704d4d3a4465726976656446726f6d2073745265663a696e7374616e636549443d22786d702e6969643a3035454535464438423646433131453542344239454243324231464132414232222073745265663a646f63756d656e7449443d22786d702e6469643a3035454535464439423646433131453542344239454243324231464132414232222f3e203c2f7264663a4465736372697074696f6e3e203c2f7264663a5244463e203c2f783a786d706d6574613e203c3f787061636b657420656e643d2272223f3effee000e41646f62650064c000000001ffdb0084000604040405040605050609060506090b080606080b0c0a0a0b0a0a0c100c0c0c0c0c0c100c0e0f100f0e0c1313141413131c1b1b1b1c1f1f1f1f1f1f1f1f1f1f010707070d0c0d181010181a1511151a1f1f1f1f1f1f1f1f1f1f1f1f1f1f1f1f1f1f1f1f1f1f1f1f1f1f1f1f1f1f1f1f1f1f1f1f1f1f1f1f1f1f1f1f1f1f1f1f1fffc0001108019f019f03011100021101031101ffc40085000100020301010100000000000000000000060703040508020101010000000000000000000000000000000010010001030202050805090702070000000001020304110531062141511207617181a12232131491b1426223c1d152728292a2b215e1c2435373241733936383c334542555110100000000000000000000000000000000ffda000c03010002110311003f00f4600000000000000000000000000000000000000000000000000000000000000000000000000000000000000000000000000000000000000000000000000000000000000000000000000000000000000000000000000000000000000000000000000000000000000000000000000000000000000000000000000000000000000000000000000000000000000000000000000000000000000000000000000000000000000000000000000000000000000000000000000000000000000000000000000000000000000000000000000000000000000000000000000000000000000000000000000000000000000000000000000000000000000000000000000000000000000000000000000000000000000000000000000000000000000000000000003065e661e1daf8b977ede3dbfd3bb545113e6d78822db8f8a9ca387334d9bb7336b8eab14cf77f7aad2011dccf1a6fcccc616d94d31d55dfb9333fbb4c69eb0722ff008b7cdb727d8f96b11d5dcb3333fc5548357fe4fe74ff00e653ff006adfe607ec78a1ce71313f3744f926d5bd3d500dbc7f1739aadcc7c4a31af53d7deb75533f4d357e407630bc699d6233b6be8ebaac5cd67f76b88fac125db7c4de51cd98a6acaab12e4fd9c8a6698d7b3bd1ac024d62fd8c8b5176c5da2f5a9e172dd51553f4c6a0c800000000000000000000000000000000000000000000000000000000000395bf733ecbb159f89b8644515cc6b458a7dabd579a88e9056bbef8b9bb6577ad6d56a306ccf445daf4aef4c7f2d3eb0423333b3b3af4deccbf7322ecf1aeed5354fac1ac000000000003776eddf73db6ec5dc0c9b98d5c75dbaa6227cf1c2413bd87c60cbb534dadef1e2fdbe139362229b91e5aa8f767d1a02c8d9f7dda777c7f8fb764d17e8fb54c74574f92aa67a601be000000000000000000000000000000000000000000000000000003e2eddb566d5776ed74dbb56e26aaee553a534c475ccc82b2e6cf162a99af1360e88e98ab3ea8e9ff00caa67f9a415b64645fc8bd5dfc8b955ebd5ceb5dcae66aaa667b664184000000000000000006ce0ee19bb7e4d393857abc7bf47bb72dce93fda0b4b94bc55c7caaa8c3df3bb8f913a53466531a5aaa7efc7d89f2f0f302c489898898989898d6263a62627b00000000000000000000000000000000000000000000000000069ee9bb606d58373373aec58c7b7c6a9e333d54d31d733d80a539c79e772e62bd36a2671f6ca27f0b1627ded3855774e33e4e1008b8000000000000000000000009a724788997b25546167cd591b4cce911c6bb3af5d1db4fddfa0172e1e56365e35bcac6b94dec7bd4c556ee533ac4c4833000000000000000000000000000000000000000000000035773dcb0f6dc1bb9d99722d63d98d6baa7d5111d733d40a239b79b33b98f3fe35e99b7896a663171627d9a23b67b6a9eb90704000000000000000000000000004af91f9df2397b2fe15e9aaeed37a7f1acebaf727fcca23b7b63ac177e3e458cab16f231eb8bb62ed315dbb94ceb15533c2601940000000000000000000000000000000000000000001f95554d14cd75cc534531335553d11111d33320a3bc40e72b9bfee1f031ea98dab16a98b14ff995709bb57f77c80890000000000000000000000000000009ef867ce93b6e553b4675cffebf22afc0aea9e8b3767fbb57d60b8800000000000000000000000000000000000000000015d78b1cd738d8f1b16257a5fc8a62bcdaa27ddb53c28fdbebf202a5000000000000000000000000000000001767867cd73bbed5f23955f7b70c188a66678dcb5c29abcf1c24133000000000000000000000000000000000000000069eedba63ed5b6e4ee191ff004b1a89ae63ae678534c79e7a01e76dc73f2771cfbf9d93577afe457372b9ecd784479223a201aa000000000000000000000000000000003a9cb7bd5ed9379c6dc2d6ba5aab4bd447dab5574574fd1eb07a1ec5fb59162ddfb3545766ed315dbae384d3546b120c8000000000000000000000000000000000000002b3f18b7d9a68c5d92d55d357fb8ca88ece16e99f5c82ac000000000000000000000000000000000001727849bece66c7736dbb56b7b6fabf0f5e3366e4eb1fbb56b009d80000000000000000000000000000000000001ac474cce911d333e4079df9ab75ab75e62cece99d68b97a69b5e4b747b34e9e88d41c800000000000000000000000000000000000129f0df76fe9dcdb8bde9d2ce5eb8d77b3dbf767f7b405ec0000000000000000000000000000000000000e3f386e33b772cee3974ce95d166aa6dcf6575fb14faea079e22348d3b0000000000000000000000000000000000000192ddcb96ae5176dce972dd515d13d95533ac4fd20f496dd99466edf8d9b47bb916a8bb1fb74c483640000000000000000000000000000000000041bc5dcb9b5cb16ec44f4e4e4514cc7dda226a9f5c402990000000000000000000000000000000000000017cf86d99395c9db7ccceb559efd9abf62b9d3f86601260000000000000000000000000000000000015978d57a7e16d3663aeabd5cfd144402ad00000000000000000000000000000000000000172783d7a6be5bc8b533afc2caaa63cd5514fe604ec00000000000000000000000000000000000555e34ff00eef6bff4ee7f3402b50000000000000000000000000000000000000016df8315cced3b8d3d54dfa263d344fe60588000000000000000000000000000000000002adf1aadcfc6da6e754d3769fa2699fca0ac8000000000000000000000000000000000000005bfe0ddbd361ceaf4f7f22235edeed1fda0b0000000000000000000000000000000000000579e3363cd5b4edf91a745abf5d133fea51aff00e982a300000000000000000000000000000000000000176f84f8ff000b9468af4ffaf7eedc89f246947f7013200000000000000000000000000000000000115f1330be6b93f2e6235ab1e68bf4fec55a553fbb320a28000000000000000000000000000000000000007a1f9430a7079636dc698d2aa6c535571d9557edd5eba81d800000000000000000000000000000000000183370ede6615fc4b91adbc8b755aaa3c95c4c03cdb918f771b22ee35d8d2ed8aeab75f9e89d27ea061000000000000000000000000000000000001d1e5fdb6adcf7bc2c088d6322f534d71f72275aff0086241e8e888a62298e11d11e680000000000000000000000000000000000000014a78a9b34edfccd565d14e96371a62f44f57c48f66b8fca085800000000000000000000000000000000000b17c1dd9a6eee395bb5da7f0f168f81667ff12e7bdf45300b680000000000000000000000000000000000000045bc46d82778e5bbb36a9ef65e0ccdfb111c6748f6e98f3d3eb8805120000000000000000000000000000000000fba28aee574dba299aabae629a298e33333a44403d0bca5b153b1ec18d83a47c788f89955475deafa6afa387a01d70000000000000000000000000000000000000000519e22f2c4ec9bf5772cd3a6066ccddc69eaa6a99f6edfa2787901130000000000000000000000000000000013df0ab962770dd6777c8a35c3c19fc1d78577fabf723a4171000000000000000000000000000000000000000000e473472f62effb3ddc0bda535cfb78f77f42e47bb3e6ea905019d8595839b7b0f2a89b79162a9a2e513d531f927a81ac000000000000000000000000000003a3b16cb9bbcee9676fc4a75b9767daafaa8a23deaeaf2403d03b3ed589b56db636fc5a74b3629d227aea9fb5555e5aa41ba0000000000000000000000000000000000000000000867889c8f1bde27cf615311bb63d3a4531d1f1a88fb13f7a3ecfd00a5aaa6aa6a9a6a89a6aa6662aa67a262638c4c03e00000000000000000000000000066c6c6c8cac8b78f8f6eabb7eed514dbb74c6b354cf5402f4e47e4fb1cbbb7e95e97371c8889cabd1d311d96e99fd1a7d60928000000000000000000000000000000000000000000000207e2078794eeb15ee9b551146e511adeb11d117e23ae3effd60a82e5bb96ee556ee53345ca2669ae8aa349898e313120c60000000000000000000000033e1e264e664dbc6c5b555ec8bb3ddb76e88d66664175722f21d8d82cc6564e97f75bb4e95d71d34da89e3451f96412e00000000000000000000000000000000000000000000000004539cbc3fc0dfe9ab26ccc62ee911ecdfd3d9b9a755c88fe6e20a6b76d9f72da336ac4dc2c5566f47bbaf4d35476d3570aa01a0000000000000000000003abcbfcb7baefb97f2f816bbd113f8b7eae8b76e3b6aabf27105d1ca7c97b572f58d6d47c7ceae34bd975c7b53f7688fb3482440000000000000000000000000000000000000000000000000000d2dd766db776c49c5dc2c537eccf0ef7bd4cf6d35474d33e6055bcc9e136e58935dfd96a9cec78e9f97ab48bd4c793aabfac104bd66ed9bb55abd4556aed3d155bae269aa3d120c400000000000000363130f2f32fd38f8966bc8bf574536edd33555f4402c2e5af08efdc9a3237fb9f0a8e3f276a75ae7f5eb8e88f3402cdc1dbf0b6fc6a3170acd18f8f47bb6edc691e7f2c83600000000000000000000000000000000000000000000000000000000073b78e5ed9b78b7dcdc7128bf3c29b931a5ca7cd5c748209bbf8376e666bda33668ecb1931ac7a2ba7a7e989043f71f0ff9bb02666eedf5deb71fe258d2ed3a76fb3d31e980706ed9bd66a9a6edbaadd51d1315d334fd60c5ac4f00000266238c83358c6c9c8ae28b166bbb555c228a66ad7e8048b6ef0e39bb3a62630a71adcff8993316f4fd99d6bf50263b3f839836e69b9bb65d5913d762c7e1d1e69aa7da9f50273b5ecfb56d567e0edf8b6f1adf09ee46933fad571906e800000000000000000000000000000000000000000000000000e666732ec387956f132771b36b26e5514d36a6a8d6267877b4f77d20e9800000000000c57f1f1f2234c8b36ef4765ca29aff009a241ccbfc9fcab7e75bdb56355fb1ddfe59806aff00c7bc95ff00e5dafa6afce04787bc951313fd2ad4e9d53354c7d60dcc7e53e57c5989b1b5e35131c3d88abf9b50752cdab3669eed9b745aa7f46dd31447d14c403e80000000001f95d74514555d754534531ad554ce91111d7320c1879d859b662f615fb7916a7eddaaa2b8f503600000000000000000000000000000000000000047f9979e363d8699a322e7c6ccd35a712d6935f93bd3c288f382ade61f12798b769aad5ab9f21873d1166c4cc5531f7ae7bd3e8044e7a66667a667a664135e4ff12b70d9e28c3dc3bd99b6c7453333addb51f7667de8fbb20b776bddb6eddb1632b02fd37eccf19a78d33d95471a67ce0dc000000000000000000000000001cddf398769d8f1be6370bf16e275f876a3a6e5731d54d3d60a779bfc40dd7982aab1e8d7136c89f671a99e9afcb76aebf370047b6fdcf70dbefc5fc1c8b98d7a3eddbaa635f3c709f482c3e5cf17ae533463eff67bf4f0f9db31a551e5aedf5fa0164edfb960ee18d4e4e15fa322c55c2ba2758f34f64f9241b200000000000000000000000000000000315fbf631ecd77efdca6d59b71355cb95ce94d311d73320ab39bfc55bf7e6bc2d8266cd8f76bce98d2e55fe9c4fbb1e5e20aeebaebb954d75d5355754eb55554ccccccf5ccc83e00001bdb5ef1b96d395193b7e4578f7e38cd33ecd51d9553c2a8f382cfe59f173032bb98fbedbf94bf3d1f35444cd9aa7ef47bd47ac13ec7c8c7c8b54dec7b94dfb15f4d372dd515533e698064000000000000000000001af9d9d858162ac8ccbf463d8a78dcb9314c7f682bbe65f176dd31563ec36bbf5709cdbd1a531fa9475f9e415ae6e76667e4d793997abc8c8afdeb972759f37923c900d6000074765dff0076d9b2a3276ebf55aafedd1c68ae23aaba78482e2e50f1036ddfe29c7bba626e7a74e3ccfb35f6cdbaa78f9b882580000000000000000000000000000034f75ddf036ac2b99b9d762d58b7d73c6a9eaa698eb990523cdfcefb87315f9a275c7dba89d6ce244f1ecaae69ef55f502340000000000e8ed3bf6f1b45df89b765578f333ad5444eb455fad44eb4c827fb2f8cb31ddb7bce1ebdb978df5cdbabf24826fb5737f2d6eb11f279f6eab93fe0d73f0ee79bbb569afa01d8000000000000027a2359e11c641c2ddb9e395f6b898c8cfa2bbb1fe0d8fc6aff87a23d32082ef5e3166dd8aad6cd894e3d33d11917fdbafd1447b31e9040f71dd772dcaff00c7cfc9b99377aa6b9d623f563847a01a6000000003ee9aaaa2a8ae8aa69ae99d69aa99d2626384c4c02d4e43f12e3226ded5bf5c88bf3a518b9d5744573c229b9d957de05900000000000000000000000000034b77ddb0769c0bb9f9d73e1e3da8e9fd2aa7aa9a63ae64145735f35e7f3167cdfbff00878d6e6631b1a27d9a29ed9edaa7ae41c2000000000000000075b6de69e63dba2230f70bd6a8a785b9abbf447ec57dea7d409260f8bdccd6748c8b38f954c76d336ea9f4d3331ea076b1bc69c79d3e6b6aae27afe0dc89fe6880746d78c1cb3547e259c9b53d9dc8abea9067ff0096b937fccc9ffb13f9c0ff0096b937f4f27fec4fe706bdef18b96a88fc2c7c9bb3d9dda68fae41cdcaf1aa8d27e536a999eaf8f7623f92241c3cdf16b9aafc4c588b1894cf09a28efd51e9ae663d408dee1cc3be6e3ac6767debf4cf1a2aae628fdc8d29f5039a0000000000000000b3bc3af10262ab7b36f17b5a674a70b2eb9e989eab55d53fc320b440000000000000000000000063cac9c7c5c7b99391722d58b14cd776e55d1114c7190511cebcdf91cc7b877a35b7b7d8998c4b13d9fa757deabd408d800000000000000000000000000000000000000000000000000b77c35e789cea29d9773b9ae6db8d312f553d37688fb1333f6e3d700b0800000000000000000000014ff89fce539f9556cd8573fd8e3d5fee6ba67a2edda7abf568fac100000000000000000000000000000000000000000000000000000064b576ed9bb45eb35cdbbb6ea8aadd74ce934d51d31300bdb9179b6df316d5155c98a771c6d28cbb71d73d57298ecabeb049400000000000000000010ef1279b3fa26d5f2b8b5e9b8e744d36e638dbb7c2ab9e7ea805220000000000000000000000000000000000000000000000000000000eaf2d6fd95b16ed673ec6b34d33ddbf6baabb73ef533f93ca0f4160e6e36760d9ccc5afe263e45115dbaa3b27b7cb1d60d8000000000000000060cdcdc7c2c4bd99935772c58a26e5caa7aa201e7ae62deb237bddefee17fa26ece96a8fd0b71ee531e68073000000000000000000000000000000000000000000000000000000000593e12f347c1bf56c1935fe15e99b98533d5738d747ed71805ac0000000000000000acbc5ee639a69b3b063d7ef697f374ecff0e89fac156800000000000000000000000000000000000000000000000000000000032d8bf7b1efdbbf66a9a2fdaaa2bb75c718aa99d6241e85e58df6d6f9b1e36e346915dc8eedfa23ecdda7a2b8fa7a41d500000000000006b6e59f636fc0c8cdbf3a59c7b755cafcbdd8e11e59e100f3aee9b8e46e5b8e467e44eb7b26b9aeaf26bc298f24474034c000000000000000000000000000000000000000000000000000000000004fbc25e619c3ddae6d37aaff006f9fd36b5e14dea23fbd4f402e10000000000000571e306fbf070b1b66b557b7933f1b274ff2e89f623d3574fa015380000000000000000000000000000000000000000000000000000000000003363dfbb8f7eddfb354d176c554d76ea8e315533ac4fd20f456c5badadd768c4dc6de9a645b8aaaa63ecd7c2ba7d15037c0000000000e88e99e11c41e79e6ede2778e61cccd8ab5b535fc3c7ff4adfb34e9e7e20e3000000000000000000000000000000000000000000000000000000000000000b53c1bdebbd673366b9574db9f99c589ecaba2b88f4e920b2c00000000011fe7cdde76ce56cdbf4d5ddbf769f97b33c27bf7ba3a3cd4eb20a000000000000000000000000000000000000000000000000000000000000000001dae4eddff00a573360e6cd5ddb51722ddfecf8773d9ab5f36bafa01e85000000000055be336e9adcdbb6aa67a298ab22ec7967d9a227e8990564000000000000000000000000000000000000000000000000000000000000000003d0fca1ba7f53e59dbf2e67bd72ab5145d9ebefdbf62ad7cfa6a0ec000000000a0b9ff0071fea1cddb85c89d6ddaae2c5bfd5b51a7d7a823a000000000000000000000000000000000000000000000000000000000000000002dcf06f70f89b466e0553d38d7a2ed11f76ec693eba416180000003164dfa31f1eedfae74a6d5155754f64531a83cd57efd77efdcbf5fbf7abaae55e7ae66a9fac188000000000000000000000000000000000000000000000000000000000000000004e3c22cdf81ccf5e3cce94e5e3d54f9eaa262aa7f282e7000000071b9cae5eb7cadba55669aaabbf2f5d311444ccfb51dd99e8ec8e9079e4000000000000000000000000000000000000000000000000000000000000000000120e43bb76d737ed75daa6aaff001b4aa9a62667bb55334cce91d51c417f80003fffd9, '');
INSERT INTO `user_details` (`UserNo`, `UserID`, `UserFullName`, `UserPassword`, `UserType`, `UserEmail`, `UserImage`, `UserImageName`) VALUES
(15, '212212', 'Salman Khan', 'salman', 'Student', 'salman@gmail.com', 0xffd8ffe1001845786966000049492a00080000000000000000000000ffec00114475636b79000100040000003c0000ffe1032b687474703a2f2f6e732e61646f62652e636f6d2f7861702f312e302f003c3f787061636b657420626567696e3d22efbbbf222069643d2257354d304d7043656869487a7265537a4e54637a6b633964223f3e203c783a786d706d65746120786d6c6e733a783d2261646f62653a6e733a6d6574612f2220783a786d70746b3d2241646f626520584d5020436f726520352e332d633031312036362e3134353636312c20323031322f30322f30362d31343a35363a32372020202020202020223e203c7264663a52444620786d6c6e733a7264663d22687474703a2f2f7777772e77332e6f72672f313939392f30322f32322d7264662d73796e7461782d6e7323223e203c7264663a4465736372697074696f6e207264663a61626f75743d222220786d6c6e733a786d704d4d3d22687474703a2f2f6e732e61646f62652e636f6d2f7861702f312e302f6d6d2f2220786d6c6e733a73745265663d22687474703a2f2f6e732e61646f62652e636f6d2f7861702f312e302f73547970652f5265736f75726365526566232220786d6c6e733a786d703d22687474703a2f2f6e732e61646f62652e636f6d2f7861702f312e302f2220786d704d4d3a446f63756d656e7449443d22786d702e6469643a31383037304531464236464331314535423742344432394134303730354235412220786d704d4d3a496e7374616e636549443d22786d702e6969643a31383037304531454236464331314535423742344432394134303730354235412220786d703a43726561746f72546f6f6c3d2241646f62652050686f746f73686f7020435336202857696e646f777329223e203c786d704d4d3a4465726976656446726f6d2073745265663a696e7374616e636549443d22786d702e6969643a3035454535464438423646433131453542344239454243324231464132414232222073745265663a646f63756d656e7449443d22786d702e6469643a3035454535464439423646433131453542344239454243324231464132414232222f3e203c2f7264663a4465736372697074696f6e3e203c2f7264663a5244463e203c2f783a786d706d6574613e203c3f787061636b657420656e643d2272223f3effee000e41646f62650064c000000001ffdb0084000604040405040605050609060506090b080606080b0c0a0a0b0a0a0c100c0c0c0c0c0c100c0e0f100f0e0c1313141413131c1b1b1b1c1f1f1f1f1f1f1f1f1f1f010707070d0c0d181010181a1511151a1f1f1f1f1f1f1f1f1f1f1f1f1f1f1f1f1f1f1f1f1f1f1f1f1f1f1f1f1f1f1f1f1f1f1f1f1f1f1f1f1f1f1f1f1f1f1f1f1fffc0001108019f019f03011100021101031101ffc40085000100020301010100000000000000000000060703040508020101010000000000000000000000000000000010010001030202050805090702070000000001020304110531062141511207617181a12232131491b1426223c1d152728292a2b215e1c2435373241733936383c334542555110100000000000000000000000000000000ffda000c03010002110311003f00f4600000000000000000000000000000000000000000000000000000000000000000000000000000000000000000000000000000000000000000000000000000000000000000000000000000000000000000000000000000000000000000000000000000000000000000000000000000000000000000000000000000000000000000000000000000000000000000000000000000000000000000000000000000000000000000000000000000000000000000000000000000000000000000000000000000000000000000000000000000000000000000000000000000000000000000000000000000000000000000000000000000000000000000000000000000000000000000000000000000000000000000000000000000000000000000000000003065e661e1daf8b977ede3dbfd3bb545113e6d78822db8f8a9ca387334d9bb7336b8eab14cf77f7aad2011dccf1a6fcccc616d94d31d55dfb9333fbb4c69eb0722ff008b7cdb727d8f96b11d5dcb3333fc5548357fe4fe74ff00e653ff006adfe607ec78a1ce71313f3744f926d5bd3d500dbc7f1739aadcc7c4a31af53d7deb75533f4d357e407630bc699d6233b6be8ebaac5cd67f76b88fac125db7c4de51cd98a6acaab12e4fd9c8a6698d7b3bd1ac024d62fd8c8b5176c5da2f5a9e172dd51553f4c6a0c800000000000000000000000000000000000000000000000000000000000395bf733ecbb159f89b8644515cc6b458a7dabd579a88e9056bbef8b9bb6577ad6d56a306ccf445daf4aef4c7f2d3eb0423333b3b3af4deccbf7322ecf1aeed5354fac1ac000000000003776eddf73db6ec5dc0c9b98d5c75dbaa6227cf1c2413bd87c60cbb534dadef1e2fdbe139362229b91e5aa8f767d1a02c8d9f7dda777c7f8fb764d17e8fb54c74574f92aa67a601be000000000000000000000000000000000000000000000000000003e2eddb566d5776ed74dbb56e26aaee553a534c475ccc82b2e6cf162a99af1360e88e98ab3ea8e9ff00caa67f9a415b64645fc8bd5dfc8b955ebd5ceb5dcae66aaa667b664184000000000000000006ce0ee19bb7e4d393857abc7bf47bb72dce93fda0b4b94bc55c7caaa8c3df3bb8f913a53466531a5aaa7efc7d89f2f0f302c489898898989898d6263a62627b00000000000000000000000000000000000000000000000000069ee9bb606d58373373aec58c7b7c6a9e333d54d31d733d80a539c79e772e62bd36a2671f6ca27f0b1627ded3855774e33e4e1008b8000000000000000000000009a724788997b25546167cd591b4cce911c6bb3af5d1db4fddfa0172e1e56365e35bcac6b94dec7bd4c556ee533ac4c4833000000000000000000000000000000000000000000000035773dcb0f6dc1bb9d99722d63d98d6baa7d5111d733d40a239b79b33b98f3fe35e99b7896a663171627d9a23b67b6a9eb90704000000000000000000000000004af91f9df2397b2fe15e9aaeed37a7f1acebaf727fcca23b7b63ac177e3e458cab16f231eb8bb62ed315dbb94ceb15533c2601940000000000000000000000000000000000000000001f95554d14cd75cc534531335553d11111d33320a3bc40e72b9bfee1f031ea98dab16a98b14ff995709bb57f77c80890000000000000000000000000000009ef867ce93b6e553b4675cffebf22afc0aea9e8b3767fbb57d60b8800000000000000000000000000000000000000000015d78b1cd738d8f1b16257a5fc8a62bcdaa27ddb53c28fdbebf202a5000000000000000000000000000000001767867cd73bbed5f23955f7b70c188a66678dcb5c29abcf1c24133000000000000000000000000000000000000000069eedba63ed5b6e4ee191ff004b1a89ae63ae678534c79e7a01e76dc73f2771cfbf9d93577afe457372b9ecd784479223a201aa000000000000000000000000000000003a9cb7bd5ed9379c6dc2d6ba5aab4bd447dab5574574fd1eb07a1ec5fb59162ddfb3545766ed315dbae384d3546b120c8000000000000000000000000000000000000002b3f18b7d9a68c5d92d55d357fb8ca88ece16e99f5c82ac000000000000000000000000000000000001727849bece66c7736dbb56b7b6fabf0f5e3366e4eb1fbb56b009d80000000000000000000000000000000000001ac474cce911d333e4079df9ab75ab75e62cece99d68b97a69b5e4b747b34e9e88d41c800000000000000000000000000000000000129f0df76fe9dcdb8bde9d2ce5eb8d77b3dbf767f7b405ec0000000000000000000000000000000000000e3f386e33b772cee3974ce95d166aa6dcf6575fb14faea079e22348d3b0000000000000000000000000000000000000192ddcb96ae5176dce972dd515d13d95533ac4fd20f496dd99466edf8d9b47bb916a8bb1fb74c483640000000000000000000000000000000000041bc5dcb9b5cb16ec44f4e4e4514cc7dda226a9f5c402990000000000000000000000000000000000000017cf86d99395c9db7ccceb559efd9abf62b9d3f86601260000000000000000000000000000000000015978d57a7e16d3663aeabd5cfd144402ad00000000000000000000000000000000000000172783d7a6be5bc8b533afc2caaa63cd5514fe604ec00000000000000000000000000000000000555e34ff00eef6bff4ee7f3402b50000000000000000000000000000000000000016df8315cced3b8d3d54dfa263d344fe60588000000000000000000000000000000000002adf1aadcfc6da6e754d3769fa2699fca0ac8000000000000000000000000000000000000005bfe0ddbd361ceaf4f7f22235edeed1fda0b0000000000000000000000000000000000000579e3363cd5b4edf91a745abf5d133fea51aff00e982a300000000000000000000000000000000000000176f84f8ff000b9468af4ffaf7eedc89f246947f7013200000000000000000000000000000000000115f1330be6b93f2e6235ab1e68bf4fec55a553fbb320a28000000000000000000000000000000000000007a1f9430a7079636dc698d2aa6c535571d9557edd5eba81d800000000000000000000000000000000000183370ede6615fc4b91adbc8b755aaa3c95c4c03cdb918f771b22ee35d8d2ed8aeab75f9e89d27ea061000000000000000000000000000000000001d1e5fdb6adcf7bc2c088d6322f534d71f72275aff0086241e8e888a62298e11d11e680000000000000000000000000000000000000014a78a9b34edfccd565d14e96371a62f44f57c48f66b8fca085800000000000000000000000000000000000b17c1dd9a6eee395bb5da7f0f168f81667ff12e7bdf45300b680000000000000000000000000000000000000045bc46d82778e5bbb36a9ef65e0ccdfb111c6748f6e98f3d3eb8805120000000000000000000000000000000000fba28aee574dba299aabae629a298e33333a44403d0bca5b153b1ec18d83a47c788f89955475deafa6afa387a01d70000000000000000000000000000000000000000519e22f2c4ec9bf5772cd3a6066ccddc69eaa6a99f6edfa2787901130000000000000000000000000000000013df0ab962770dd6777c8a35c3c19fc1d78577fabf723a4171000000000000000000000000000000000000000000e473472f62effb3ddc0bda535cfb78f77f42e47bb3e6ea905019d8595839b7b0f2a89b79162a9a2e513d531f927a81ac000000000000000000000000000003a3b16cb9bbcee9676fc4a75b9767daafaa8a23deaeaf2403d03b3ed589b56db636fc5a74b3629d227aea9fb5555e5aa41ba0000000000000000000000000000000000000000000867889c8f1bde27cf615311bb63d3a4531d1f1a88fb13f7a3ecfd00a5aaa6aa6a9a6a89a6aa6662aa67a262638c4c03e00000000000000000000000000066c6c6c8cac8b78f8f6eabb7eed514dbb74c6b354cf5402f4e47e4fb1cbbb7e95e97371c8889cabd1d311d96e99fd1a7d60928000000000000000000000000000000000000000000000207e2078794eeb15ee9b551146e511adeb11d117e23ae3effd60a82e5bb96ee556ee53345ca2669ae8aa349898e313120c60000000000000000000000033e1e264e664dbc6c5b555ec8bb3ddb76e88d66664175722f21d8d82cc6564e97f75bb4e95d71d34da89e3451f96412e00000000000000000000000000000000000000000000000004539cbc3fc0dfe9ab26ccc62ee911ecdfd3d9b9a755c88fe6e20a6b76d9f72da336ac4dc2c5566f47bbaf4d35476d3570aa01a0000000000000000000003abcbfcb7baefb97f2f816bbd113f8b7eae8b76e3b6aabf27105d1ca7c97b572f58d6d47c7ceae34bd975c7b53f7688fb3482440000000000000000000000000000000000000000000000000000d2dd766db776c49c5dc2c537eccf0ef7bd4cf6d35474d33e6055bcc9e136e58935dfd96a9cec78e9f97ab48bd4c793aabfac104bd66ed9bb55abd4556aed3d155bae269aa3d120c400000000000000363130f2f32fd38f8966bc8bf574536edd33555f4402c2e5af08efdc9a3237fb9f0a8e3f276a75ae7f5eb8e88f3402cdc1dbf0b6fc6a3170acd18f8f47bb6edc691e7f2c83600000000000000000000000000000000000000000000000000000000073b78e5ed9b78b7dcdc7128bf3c29b931a5ca7cd5c748209bbf8376e666bda33668ecb1931ac7a2ba7a7e989043f71f0ff9bb02666eedf5deb71fe258d2ed3a76fb3d31e980706ed9bd66a9a6edbaadd51d1315d334fd60c5ac4f00000266238c83358c6c9c8ae28b166bbb555c228a66ad7e8048b6ef0e39bb3a62630a71adcff8993316f4fd99d6bf50263b3f839836e69b9bb65d5913d762c7e1d1e69aa7da9f50273b5ecfb56d567e0edf8b6f1adf09ee46933fad571906e800000000000000000000000000000000000000000000000000e666732ec387956f132771b36b26e5514d36a6a8d6267877b4f77d20e9800000000000c57f1f1f2234c8b36ef4765ca29aff009a241ccbfc9fcab7e75bdb56355fb1ddfe59806aff00c7bc95ff00e5dafa6afce04787bc951313fd2ad4e9d53354c7d60dcc7e53e57c5989b1b5e35131c3d88abf9b50752cdab3669eed9b745aa7f46dd31447d14c403e80000000001f95d74514555d754534531ad554ce91111d7320c1879d859b662f615fb7916a7eddaaa2b8f503600000000000000000000000000000000000000047f9979e363d8699a322e7c6ccd35a712d6935f93bd3c288f382ade61f12798b769aad5ab9f21873d1166c4cc5531f7ae7bd3e8044e7a66667a667a664135e4ff12b70d9e28c3dc3bd99b6c7453333addb51f7667de8fbb20b776bddb6eddb1632b02fd37eccf19a78d33d95471a67ce0dc000000000000000000000000001cddf398769d8f1be6370bf16e275f876a3a6e5731d54d3d60a779bfc40dd7982aab1e8d7136c89f671a99e9afcb76aebf370047b6fdcf70dbefc5fc1c8b98d7a3eddbaa635f3c709f482c3e5cf17ae533463eff67bf4f0f9db31a551e5aedf5fa0164edfb960ee18d4e4e15fa322c55c2ba2758f34f64f9241b200000000000000000000000000000000315fbf631ecd77efdca6d59b71355cb95ce94d311d73320ab39bfc55bf7e6bc2d8266cd8f76bce98d2e55fe9c4fbb1e5e20aeebaebb954d75d5355754eb55554ccccccf5ccc83e00001bdb5ef1b96d395193b7e4578f7e38cd33ecd51d9553c2a8f382cfe59f173032bb98fbedbf94bf3d1f35444cd9aa7ef47bd47ac13ec7c8c7c8b54dec7b94dfb15f4d372dd515533e698064000000000000000000001af9d9d858162ac8ccbf463d8a78dcb9314c7f682bbe65f176dd31563ec36bbf5709cdbd1a531fa9475f9e415ae6e76667e4d793997abc8c8afdeb972759f37923c900d6000074765dff0076d9b2a3276ebf55aafedd1c68ae23aaba78482e2e50f1036ddfe29c7bba626e7a74e3ccfb35f6cdbaa78f9b882580000000000000000000000000000034f75ddf036ac2b99b9d762d58b7d73c6a9eaa698eb990523cdfcefb87315f9a275c7dba89d6ce244f1ecaae69ef55f502340000000000e8ed3bf6f1b45df89b765578f333ad5444eb455fad44eb4c827fb2f8cb31ddb7bce1ebdb978df5cdbabf24826fb5737f2d6eb11f279f6eab93fe0d73f0ee79bbb569afa01d8000000000000027a2359e11c641c2ddb9e395f6b898c8cfa2bbb1fe0d8fc6aff87a23d32082ef5e3166dd8aad6cd894e3d33d11917fdbafd1447b31e9040f71dd772dcaff00c7cfc9b99377aa6b9d623f563847a01a6000000003ee9aaaa2a8ae8aa69ae99d69aa99d2626384c4c02d4e43f12e3226ded5bf5c88bf3a518b9d5744573c229b9d957de05900000000000000000000000000034b77ddb0769c0bb9f9d73e1e3da8e9fd2aa7aa9a63ae64145735f35e7f3167cdfbff00878d6e6631b1a27d9a29ed9edaa7ae41c2000000000000000075b6de69e63dba2230f70bd6a8a785b9abbf447ec57dea7d409260f8bdccd6748c8b38f954c76d336ea9f4d3331ea076b1bc69c79d3e6b6aae27afe0dc89fe6880746d78c1cb3547e259c9b53d9dc8abea9067ff0096b937fccc9ffb13f9c0ff0096b937f4f27fec4fe706bdef18b96a88fc2c7c9bb3d9dda68fae41cdcaf1aa8d27e536a999eaf8f7623f92241c3cdf16b9aafc4c588b1894cf09a28efd51e9ae663d408dee1cc3be6e3ac6767debf4cf1a2aae628fdc8d29f5039a0000000000000000b3bc3af10262ab7b36f17b5a674a70b2eb9e989eab55d53fc320b440000000000000000000000063cac9c7c5c7b99391722d58b14cd776e55d1114c7190511cebcdf91cc7b877a35b7b7d8998c4b13d9fa757deabd408d800000000000000000000000000000000000000000000000000b77c35e789cea29d9773b9ae6db8d312f553d37688fb1333f6e3d700b0800000000000000000000014ff89fce539f9556cd8573fd8e3d5fee6ba67a2edda7abf568fac100000000000000000000000000000000000000000000000000000064b576ed9bb45eb35cdbbb6ea8aadd74ce934d51d31300bdb9179b6df316d5155c98a771c6d28cbb71d73d57298ecabeb049400000000000000000010ef1279b3fa26d5f2b8b5e9b8e744d36e638dbb7c2ab9e7ea805220000000000000000000000000000000000000000000000000000000eaf2d6fd95b16ed673ec6b34d33ddbf6baabb73ef533f93ca0f4160e6e36760d9ccc5afe263e45115dbaa3b27b7cb1d60d8000000000000000060cdcdc7c2c4bd99935772c58a26e5caa7aa201e7ae62deb237bddefee17fa26ece96a8fd0b71ee531e68073000000000000000000000000000000000000000000000000000000000593e12f347c1bf56c1935fe15e99b98533d5738d747ed71805ac0000000000000000acbc5ee639a69b3b063d7ef697f374ecff0e89fac156800000000000000000000000000000000000000000000000000000000032d8bf7b1efdbbf66a9a2fdaaa2bb75c718aa99d6241e85e58df6d6f9b1e36e346915dc8eedfa23ecdda7a2b8fa7a41d500000000000006b6e59f636fc0c8cdbf3a59c7b755cafcbdd8e11e59e100f3aee9b8e46e5b8e467e44eb7b26b9aeaf26bc298f24474034c000000000000000000000000000000000000000000000000000000000004fbc25e619c3ddae6d37aaff006f9fd36b5e14dea23fbd4f402e10000000000000571e306fbf070b1b66b557b7933f1b274ff2e89f623d3574fa015380000000000000000000000000000000000000000000000000000000000003363dfbb8f7eddfb354d176c554d76ea8e315533ac4fd20f456c5badadd768c4dc6de9a645b8aaaa63ecd7c2ba7d15037c0000000000e88e99e11c41e79e6ede2778e61cccd8ab5b535fc3c7ff4adfb34e9e7e20e3000000000000000000000000000000000000000000000000000000000000000b53c1bdebbd673366b9574db9f99c589ecaba2b88f4e920b2c00000000011fe7cdde76ce56cdbf4d5ddbf769f97b33c27bf7ba3a3cd4eb20a000000000000000000000000000000000000000000000000000000000000000001dae4eddff00a573360e6cd5ddb51722ddfecf8773d9ab5f36bafa01e85000000000055be336e9adcdbb6aa67a298ab22ec7967d9a227e8990564000000000000000000000000000000000000000000000000000000000000000003d0fca1ba7f53e59dbf2e67bd72ab5145d9ebefdbf62ad7cfa6a0ec000000000a0b9ff0071fea1cddb85c89d6ddaae2c5bfd5b51a7d7a823a000000000000000000000000000000000000000000000000000000000000000002dcf06f70f89b466e0553d38d7a2ed11f76ec693eba416180000003164dfa31f1eedfae74a6d5155754f64531a83cd57efd77efdcbf5fbf7abaae55e7ae66a9fac188000000000000000000000000000000000000000000000000000000000000000004e3c22cdf81ccf5e3cce94e5e3d54f9eaa262aa7f282e7000000071b9cae5eb7cadba55669aaabbf2f5d311444ccfb51dd99e8ec8e9079e4000000000000000000000000000000000000000000000000000000000000000000120e43bb76d737ed75daa6aaff001b4aa9a62667bb55334cce91d51c417f80003fffd9, ''),
(16, '202123', 'Sammy', 'sammy', 'Student', 'sammy@gmail.com', 0xffd8ffe1001845786966000049492a00080000000000000000000000ffec00114475636b79000100040000003c0000ffe1032b687474703a2f2f6e732e61646f62652e636f6d2f7861702f312e302f003c3f787061636b657420626567696e3d22efbbbf222069643d2257354d304d7043656869487a7265537a4e54637a6b633964223f3e203c783a786d706d65746120786d6c6e733a783d2261646f62653a6e733a6d6574612f2220783a786d70746b3d2241646f626520584d5020436f726520352e332d633031312036362e3134353636312c20323031322f30322f30362d31343a35363a32372020202020202020223e203c7264663a52444620786d6c6e733a7264663d22687474703a2f2f7777772e77332e6f72672f313939392f30322f32322d7264662d73796e7461782d6e7323223e203c7264663a4465736372697074696f6e207264663a61626f75743d222220786d6c6e733a786d704d4d3d22687474703a2f2f6e732e61646f62652e636f6d2f7861702f312e302f6d6d2f2220786d6c6e733a73745265663d22687474703a2f2f6e732e61646f62652e636f6d2f7861702f312e302f73547970652f5265736f75726365526566232220786d6c6e733a786d703d22687474703a2f2f6e732e61646f62652e636f6d2f7861702f312e302f2220786d704d4d3a446f63756d656e7449443d22786d702e6469643a31383037304531464236464331314535423742344432394134303730354235412220786d704d4d3a496e7374616e636549443d22786d702e6969643a31383037304531454236464331314535423742344432394134303730354235412220786d703a43726561746f72546f6f6c3d2241646f62652050686f746f73686f7020435336202857696e646f777329223e203c786d704d4d3a4465726976656446726f6d2073745265663a696e7374616e636549443d22786d702e6969643a3035454535464438423646433131453542344239454243324231464132414232222073745265663a646f63756d656e7449443d22786d702e6469643a3035454535464439423646433131453542344239454243324231464132414232222f3e203c2f7264663a4465736372697074696f6e3e203c2f7264663a5244463e203c2f783a786d706d6574613e203c3f787061636b657420656e643d2272223f3effee000e41646f62650064c000000001ffdb0084000604040405040605050609060506090b080606080b0c0a0a0b0a0a0c100c0c0c0c0c0c100c0e0f100f0e0c1313141413131c1b1b1b1c1f1f1f1f1f1f1f1f1f1f010707070d0c0d181010181a1511151a1f1f1f1f1f1f1f1f1f1f1f1f1f1f1f1f1f1f1f1f1f1f1f1f1f1f1f1f1f1f1f1f1f1f1f1f1f1f1f1f1f1f1f1f1f1f1f1f1fffc0001108019f019f03011100021101031101ffc40085000100020301010100000000000000000000060703040508020101010000000000000000000000000000000010010001030202050805090702070000000001020304110531062141511207617181a12232131491b1426223c1d152728292a2b215e1c2435373241733936383c334542555110100000000000000000000000000000000ffda000c03010002110311003f00f4600000000000000000000000000000000000000000000000000000000000000000000000000000000000000000000000000000000000000000000000000000000000000000000000000000000000000000000000000000000000000000000000000000000000000000000000000000000000000000000000000000000000000000000000000000000000000000000000000000000000000000000000000000000000000000000000000000000000000000000000000000000000000000000000000000000000000000000000000000000000000000000000000000000000000000000000000000000000000000000000000000000000000000000000000000000000000000000000000000000000000000000000000000000000000000000000003065e661e1daf8b977ede3dbfd3bb545113e6d78822db8f8a9ca387334d9bb7336b8eab14cf77f7aad2011dccf1a6fcccc616d94d31d55dfb9333fbb4c69eb0722ff008b7cdb727d8f96b11d5dcb3333fc5548357fe4fe74ff00e653ff006adfe607ec78a1ce71313f3744f926d5bd3d500dbc7f1739aadcc7c4a31af53d7deb75533f4d357e407630bc699d6233b6be8ebaac5cd67f76b88fac125db7c4de51cd98a6acaab12e4fd9c8a6698d7b3bd1ac024d62fd8c8b5176c5da2f5a9e172dd51553f4c6a0c800000000000000000000000000000000000000000000000000000000000395bf733ecbb159f89b8644515cc6b458a7dabd579a88e9056bbef8b9bb6577ad6d56a306ccf445daf4aef4c7f2d3eb0423333b3b3af4deccbf7322ecf1aeed5354fac1ac000000000003776eddf73db6ec5dc0c9b98d5c75dbaa6227cf1c2413bd87c60cbb534dadef1e2fdbe139362229b91e5aa8f767d1a02c8d9f7dda777c7f8fb764d17e8fb54c74574f92aa67a601be000000000000000000000000000000000000000000000000000003e2eddb566d5776ed74dbb56e26aaee553a534c475ccc82b2e6cf162a99af1360e88e98ab3ea8e9ff00caa67f9a415b64645fc8bd5dfc8b955ebd5ceb5dcae66aaa667b664184000000000000000006ce0ee19bb7e4d393857abc7bf47bb72dce93fda0b4b94bc55c7caaa8c3df3bb8f913a53466531a5aaa7efc7d89f2f0f302c489898898989898d6263a62627b00000000000000000000000000000000000000000000000000069ee9bb606d58373373aec58c7b7c6a9e333d54d31d733d80a539c79e772e62bd36a2671f6ca27f0b1627ded3855774e33e4e1008b8000000000000000000000009a724788997b25546167cd591b4cce911c6bb3af5d1db4fddfa0172e1e56365e35bcac6b94dec7bd4c556ee533ac4c4833000000000000000000000000000000000000000000000035773dcb0f6dc1bb9d99722d63d98d6baa7d5111d733d40a239b79b33b98f3fe35e99b7896a663171627d9a23b67b6a9eb90704000000000000000000000000004af91f9df2397b2fe15e9aaeed37a7f1acebaf727fcca23b7b63ac177e3e458cab16f231eb8bb62ed315dbb94ceb15533c2601940000000000000000000000000000000000000000001f95554d14cd75cc534531335553d11111d33320a3bc40e72b9bfee1f031ea98dab16a98b14ff995709bb57f77c80890000000000000000000000000000009ef867ce93b6e553b4675cffebf22afc0aea9e8b3767fbb57d60b8800000000000000000000000000000000000000000015d78b1cd738d8f1b16257a5fc8a62bcdaa27ddb53c28fdbebf202a5000000000000000000000000000000001767867cd73bbed5f23955f7b70c188a66678dcb5c29abcf1c24133000000000000000000000000000000000000000069eedba63ed5b6e4ee191ff004b1a89ae63ae678534c79e7a01e76dc73f2771cfbf9d93577afe457372b9ecd784479223a201aa000000000000000000000000000000003a9cb7bd5ed9379c6dc2d6ba5aab4bd447dab5574574fd1eb07a1ec5fb59162ddfb3545766ed315dbae384d3546b120c8000000000000000000000000000000000000002b3f18b7d9a68c5d92d55d357fb8ca88ece16e99f5c82ac000000000000000000000000000000000001727849bece66c7736dbb56b7b6fabf0f5e3366e4eb1fbb56b009d80000000000000000000000000000000000001ac474cce911d333e4079df9ab75ab75e62cece99d68b97a69b5e4b747b34e9e88d41c800000000000000000000000000000000000129f0df76fe9dcdb8bde9d2ce5eb8d77b3dbf767f7b405ec0000000000000000000000000000000000000e3f386e33b772cee3974ce95d166aa6dcf6575fb14faea079e22348d3b0000000000000000000000000000000000000192ddcb96ae5176dce972dd515d13d95533ac4fd20f496dd99466edf8d9b47bb916a8bb1fb74c483640000000000000000000000000000000000041bc5dcb9b5cb16ec44f4e4e4514cc7dda226a9f5c402990000000000000000000000000000000000000017cf86d99395c9db7ccceb559efd9abf62b9d3f86601260000000000000000000000000000000000015978d57a7e16d3663aeabd5cfd144402ad00000000000000000000000000000000000000172783d7a6be5bc8b533afc2caaa63cd5514fe604ec00000000000000000000000000000000000555e34ff00eef6bff4ee7f3402b50000000000000000000000000000000000000016df8315cced3b8d3d54dfa263d344fe60588000000000000000000000000000000000002adf1aadcfc6da6e754d3769fa2699fca0ac8000000000000000000000000000000000000005bfe0ddbd361ceaf4f7f22235edeed1fda0b0000000000000000000000000000000000000579e3363cd5b4edf91a745abf5d133fea51aff00e982a300000000000000000000000000000000000000176f84f8ff000b9468af4ffaf7eedc89f246947f7013200000000000000000000000000000000000115f1330be6b93f2e6235ab1e68bf4fec55a553fbb320a28000000000000000000000000000000000000007a1f9430a7079636dc698d2aa6c535571d9557edd5eba81d800000000000000000000000000000000000183370ede6615fc4b91adbc8b755aaa3c95c4c03cdb918f771b22ee35d8d2ed8aeab75f9e89d27ea061000000000000000000000000000000000001d1e5fdb6adcf7bc2c088d6322f534d71f72275aff0086241e8e888a62298e11d11e680000000000000000000000000000000000000014a78a9b34edfccd565d14e96371a62f44f57c48f66b8fca085800000000000000000000000000000000000b17c1dd9a6eee395bb5da7f0f168f81667ff12e7bdf45300b680000000000000000000000000000000000000045bc46d82778e5bbb36a9ef65e0ccdfb111c6748f6e98f3d3eb8805120000000000000000000000000000000000fba28aee574dba299aabae629a298e33333a44403d0bca5b153b1ec18d83a47c788f89955475deafa6afa387a01d70000000000000000000000000000000000000000519e22f2c4ec9bf5772cd3a6066ccddc69eaa6a99f6edfa2787901130000000000000000000000000000000013df0ab962770dd6777c8a35c3c19fc1d78577fabf723a4171000000000000000000000000000000000000000000e473472f62effb3ddc0bda535cfb78f77f42e47bb3e6ea905019d8595839b7b0f2a89b79162a9a2e513d531f927a81ac000000000000000000000000000003a3b16cb9bbcee9676fc4a75b9767daafaa8a23deaeaf2403d03b3ed589b56db636fc5a74b3629d227aea9fb5555e5aa41ba0000000000000000000000000000000000000000000867889c8f1bde27cf615311bb63d3a4531d1f1a88fb13f7a3ecfd00a5aaa6aa6a9a6a89a6aa6662aa67a262638c4c03e00000000000000000000000000066c6c6c8cac8b78f8f6eabb7eed514dbb74c6b354cf5402f4e47e4fb1cbbb7e95e97371c8889cabd1d311d96e99fd1a7d60928000000000000000000000000000000000000000000000207e2078794eeb15ee9b551146e511adeb11d117e23ae3effd60a82e5bb96ee556ee53345ca2669ae8aa349898e313120c60000000000000000000000033e1e264e664dbc6c5b555ec8bb3ddb76e88d66664175722f21d8d82cc6564e97f75bb4e95d71d34da89e3451f96412e00000000000000000000000000000000000000000000000004539cbc3fc0dfe9ab26ccc62ee911ecdfd3d9b9a755c88fe6e20a6b76d9f72da336ac4dc2c5566f47bbaf4d35476d3570aa01a0000000000000000000003abcbfcb7baefb97f2f816bbd113f8b7eae8b76e3b6aabf27105d1ca7c97b572f58d6d47c7ceae34bd975c7b53f7688fb3482440000000000000000000000000000000000000000000000000000d2dd766db776c49c5dc2c537eccf0ef7bd4cf6d35474d33e6055bcc9e136e58935dfd96a9cec78e9f97ab48bd4c793aabfac104bd66ed9bb55abd4556aed3d155bae269aa3d120c400000000000000363130f2f32fd38f8966bc8bf574536edd33555f4402c2e5af08efdc9a3237fb9f0a8e3f276a75ae7f5eb8e88f3402cdc1dbf0b6fc6a3170acd18f8f47bb6edc691e7f2c83600000000000000000000000000000000000000000000000000000000073b78e5ed9b78b7dcdc7128bf3c29b931a5ca7cd5c748209bbf8376e666bda33668ecb1931ac7a2ba7a7e989043f71f0ff9bb02666eedf5deb71fe258d2ed3a76fb3d31e980706ed9bd66a9a6edbaadd51d1315d334fd60c5ac4f00000266238c83358c6c9c8ae28b166bbb555c228a66ad7e8048b6ef0e39bb3a62630a71adcff8993316f4fd99d6bf50263b3f839836e69b9bb65d5913d762c7e1d1e69aa7da9f50273b5ecfb56d567e0edf8b6f1adf09ee46933fad571906e800000000000000000000000000000000000000000000000000e666732ec387956f132771b36b26e5514d36a6a8d6267877b4f77d20e9800000000000c57f1f1f2234c8b36ef4765ca29aff009a241ccbfc9fcab7e75bdb56355fb1ddfe59806aff00c7bc95ff00e5dafa6afce04787bc951313fd2ad4e9d53354c7d60dcc7e53e57c5989b1b5e35131c3d88abf9b50752cdab3669eed9b745aa7f46dd31447d14c403e80000000001f95d74514555d754534531ad554ce91111d7320c1879d859b662f615fb7916a7eddaaa2b8f503600000000000000000000000000000000000000047f9979e363d8699a322e7c6ccd35a712d6935f93bd3c288f382ade61f12798b769aad5ab9f21873d1166c4cc5531f7ae7bd3e8044e7a66667a667a664135e4ff12b70d9e28c3dc3bd99b6c7453333addb51f7667de8fbb20b776bddb6eddb1632b02fd37eccf19a78d33d95471a67ce0dc000000000000000000000000001cddf398769d8f1be6370bf16e275f876a3a6e5731d54d3d60a779bfc40dd7982aab1e8d7136c89f671a99e9afcb76aebf370047b6fdcf70dbefc5fc1c8b98d7a3eddbaa635f3c709f482c3e5cf17ae533463eff67bf4f0f9db31a551e5aedf5fa0164edfb960ee18d4e4e15fa322c55c2ba2758f34f64f9241b200000000000000000000000000000000315fbf631ecd77efdca6d59b71355cb95ce94d311d73320ab39bfc55bf7e6bc2d8266cd8f76bce98d2e55fe9c4fbb1e5e20aeebaebb954d75d5355754eb55554ccccccf5ccc83e00001bdb5ef1b96d395193b7e4578f7e38cd33ecd51d9553c2a8f382cfe59f173032bb98fbedbf94bf3d1f35444cd9aa7ef47bd47ac13ec7c8c7c8b54dec7b94dfb15f4d372dd515533e698064000000000000000000001af9d9d858162ac8ccbf463d8a78dcb9314c7f682bbe65f176dd31563ec36bbf5709cdbd1a531fa9475f9e415ae6e76667e4d793997abc8c8afdeb972759f37923c900d6000074765dff0076d9b2a3276ebf55aafedd1c68ae23aaba78482e2e50f1036ddfe29c7bba626e7a74e3ccfb35f6cdbaa78f9b882580000000000000000000000000000034f75ddf036ac2b99b9d762d58b7d73c6a9eaa698eb990523cdfcefb87315f9a275c7dba89d6ce244f1ecaae69ef55f502340000000000e8ed3bf6f1b45df89b765578f333ad5444eb455fad44eb4c827fb2f8cb31ddb7bce1ebdb978df5cdbabf24826fb5737f2d6eb11f279f6eab93fe0d73f0ee79bbb569afa01d8000000000000027a2359e11c641c2ddb9e395f6b898c8cfa2bbb1fe0d8fc6aff87a23d32082ef5e3166dd8aad6cd894e3d33d11917fdbafd1447b31e9040f71dd772dcaff00c7cfc9b99377aa6b9d623f563847a01a6000000003ee9aaaa2a8ae8aa69ae99d69aa99d2626384c4c02d4e43f12e3226ded5bf5c88bf3a518b9d5744573c229b9d957de05900000000000000000000000000034b77ddb0769c0bb9f9d73e1e3da8e9fd2aa7aa9a63ae64145735f35e7f3167cdfbff00878d6e6631b1a27d9a29ed9edaa7ae41c2000000000000000075b6de69e63dba2230f70bd6a8a785b9abbf447ec57dea7d409260f8bdccd6748c8b38f954c76d336ea9f4d3331ea076b1bc69c79d3e6b6aae27afe0dc89fe6880746d78c1cb3547e259c9b53d9dc8abea9067ff0096b937fccc9ffb13f9c0ff0096b937f4f27fec4fe706bdef18b96a88fc2c7c9bb3d9dda68fae41cdcaf1aa8d27e536a999eaf8f7623f92241c3cdf16b9aafc4c588b1894cf09a28efd51e9ae663d408dee1cc3be6e3ac6767debf4cf1a2aae628fdc8d29f5039a0000000000000000b3bc3af10262ab7b36f17b5a674a70b2eb9e989eab55d53fc320b440000000000000000000000063cac9c7c5c7b99391722d58b14cd776e55d1114c7190511cebcdf91cc7b877a35b7b7d8998c4b13d9fa757deabd408d800000000000000000000000000000000000000000000000000b77c35e789cea29d9773b9ae6db8d312f553d37688fb1333f6e3d700b0800000000000000000000014ff89fce539f9556cd8573fd8e3d5fee6ba67a2edda7abf568fac100000000000000000000000000000000000000000000000000000064b576ed9bb45eb35cdbbb6ea8aadd74ce934d51d31300bdb9179b6df316d5155c98a771c6d28cbb71d73d57298ecabeb049400000000000000000010ef1279b3fa26d5f2b8b5e9b8e744d36e638dbb7c2ab9e7ea805220000000000000000000000000000000000000000000000000000000eaf2d6fd95b16ed673ec6b34d33ddbf6baabb73ef533f93ca0f4160e6e36760d9ccc5afe263e45115dbaa3b27b7cb1d60d8000000000000000060cdcdc7c2c4bd99935772c58a26e5caa7aa201e7ae62deb237bddefee17fa26ece96a8fd0b71ee531e68073000000000000000000000000000000000000000000000000000000000593e12f347c1bf56c1935fe15e99b98533d5738d747ed71805ac0000000000000000acbc5ee639a69b3b063d7ef697f374ecff0e89fac156800000000000000000000000000000000000000000000000000000000032d8bf7b1efdbbf66a9a2fdaaa2bb75c718aa99d6241e85e58df6d6f9b1e36e346915dc8eedfa23ecdda7a2b8fa7a41d500000000000006b6e59f636fc0c8cdbf3a59c7b755cafcbdd8e11e59e100f3aee9b8e46e5b8e467e44eb7b26b9aeaf26bc298f24474034c000000000000000000000000000000000000000000000000000000000004fbc25e619c3ddae6d37aaff006f9fd36b5e14dea23fbd4f402e10000000000000571e306fbf070b1b66b557b7933f1b274ff2e89f623d3574fa015380000000000000000000000000000000000000000000000000000000000003363dfbb8f7eddfb354d176c554d76ea8e315533ac4fd20f456c5badadd768c4dc6de9a645b8aaaa63ecd7c2ba7d15037c0000000000e88e99e11c41e79e6ede2778e61cccd8ab5b535fc3c7ff4adfb34e9e7e20e3000000000000000000000000000000000000000000000000000000000000000b53c1bdebbd673366b9574db9f99c589ecaba2b88f4e920b2c00000000011fe7cdde76ce56cdbf4d5ddbf769f97b33c27bf7ba3a3cd4eb20a000000000000000000000000000000000000000000000000000000000000000001dae4eddff00a573360e6cd5ddb51722ddfecf8773d9ab5f36bafa01e85000000000055be336e9adcdbb6aa67a298ab22ec7967d9a227e8990564000000000000000000000000000000000000000000000000000000000000000003d0fca1ba7f53e59dbf2e67bd72ab5145d9ebefdbf62ad7cfa6a0ec000000000a0b9ff0071fea1cddb85c89d6ddaae2c5bfd5b51a7d7a823a000000000000000000000000000000000000000000000000000000000000000002dcf06f70f89b466e0553d38d7a2ed11f76ec693eba416180000003164dfa31f1eedfae74a6d5155754f64531a83cd57efd77efdcbf5fbf7abaae55e7ae66a9fac188000000000000000000000000000000000000000000000000000000000000000004e3c22cdf81ccf5e3cce94e5e3d54f9eaa262aa7f282e7000000071b9cae5eb7cadba55669aaabbf2f5d311444ccfb51dd99e8ec8e9079e4000000000000000000000000000000000000000000000000000000000000000000120e43bb76d737ed75daa6aaff001b4aa9a62667bb55334cce91d51c417f80003fffd9, '');

-- --------------------------------------------------------

--
-- Table structure for table `venue_details`
--

CREATE TABLE `venue_details` (
  `VenueID` int(11) NOT NULL,
  `VenueName` varchar(80) NOT NULL,
  `VenueInfo` varchar(100) NOT NULL
) ENGINE=InnoDB DEFAULT CHARSET=latin1;

--
-- Dumping data for table `venue_details`
--

INSERT INTO `venue_details` (`VenueID`, `VenueName`, `VenueInfo`) VALUES
(111, 'L block,Boys Hostel', 'Near Aklu\'s mess'),
(222, 'Tadiyandamol', 'Near kerala border,Coorg, Karnataka'),
(333, 'IS Seminar Hall', 'Golden Jubilee');

--
-- Indexes for dumped tables
--

--
-- Indexes for table `booking_details`
--
ALTER TABLE `booking_details`
  ADD PRIMARY KEY (`BookingID`),
  ADD KEY `booking_details_ibfk_1` (`UserID`),
  ADD KEY `booking_details_ibfk_2` (`EventID`);

--
-- Indexes for table `event_details`
--
ALTER TABLE `event_details`
  ADD PRIMARY KEY (`EventID`),
  ADD KEY `event_details_ibfk_1` (`VenueID`),
  ADD KEY `event_details_ibfk_3` (`UserID`);

--
-- Indexes for table `user_details`
--
ALTER TABLE `user_details`
  ADD PRIMARY KEY (`UserNo`),
  ADD UNIQUE KEY `UserID` (`UserID`);

--
-- Indexes for table `venue_details`
--
ALTER TABLE `venue_details`
  ADD PRIMARY KEY (`VenueID`);

--
-- AUTO_INCREMENT for dumped tables
--

--
-- AUTO_INCREMENT for table `booking_details`
--
ALTER TABLE `booking_details`
  MODIFY `BookingID` int(10) NOT NULL AUTO_INCREMENT, AUTO_INCREMENT=3346;

--
-- AUTO_INCREMENT for table `event_details`
--
ALTER TABLE `event_details`
  MODIFY `EventID` int(10) NOT NULL AUTO_INCREMENT, AUTO_INCREMENT=6002;

--
-- AUTO_INCREMENT for table `user_details`
--
ALTER TABLE `user_details`
  MODIFY `UserNo` int(10) NOT NULL AUTO_INCREMENT, AUTO_INCREMENT=17;

--
-- AUTO_INCREMENT for table `venue_details`
--
ALTER TABLE `venue_details`
  MODIFY `VenueID` int(11) NOT NULL AUTO_INCREMENT, AUTO_INCREMENT=334;

--
-- Constraints for dumped tables
--

--
-- Constraints for table `booking_details`
--
ALTER TABLE `booking_details`
  ADD CONSTRAINT `booking_details_ibfk_1` FOREIGN KEY (`UserID`) REFERENCES `user_details` (`UserID`),
  ADD CONSTRAINT `booking_details_ibfk_2` FOREIGN KEY (`EventID`) REFERENCES `event_details` (`EventID`);

--
-- Constraints for table `event_details`
--
ALTER TABLE `event_details`
  ADD CONSTRAINT `event_details_ibfk_1` FOREIGN KEY (`VenueID`) REFERENCES `venue_details` (`VenueID`),
  ADD CONSTRAINT `event_details_ibfk_3` FOREIGN KEY (`UserID`) REFERENCES `user_details` (`UserID`);
COMMIT;

/*!40101 SET CHARACTER_SET_CLIENT=@OLD_CHARACTER_SET_CLIENT */;
/*!40101 SET CHARACTER_SET_RESULTS=@OLD_CHARACTER_SET_RESULTS */;
/*!40101 SET COLLATION_CONNECTION=@OLD_COLLATION_CONNECTION */;
